channel	type	pgm_start	pgm_title	item_name	sales_amt	category	lavangba_category	lavangba_cat_name	date
SK스토아	단순	00:31	[원데이 특집 스킨 최다]보닌 남성 기초 세트(스킨 4병+에멀전 3병+올인원 워시 1개+쇼핑백 2장)	[원데이 특집 스킨 최다]보닌 남성 기초 세트(스킨 4병+에멀전 3병+올인원 워시 1개+쇼핑백 2장)	12213000	미용	화장품/미용	화장품/미용	20260708
SK스토아	복합	00:31	[믿쓰진]AGE20S 앰플 에센스 팩트 다이아 물광샷 아이스 기본 패키지(퍼플*1+실버*1+리필*3+메쉬백*1)	보닌 남성 기초 세트	1571000	미용	화장품/미용	화장품/미용	20260708
SK스토아	복합	00:31	[믿쓰진]AGE20S 앰플 에센스 팩트 다이아 물광샷 아이스 기본 패키지(퍼플*1+실버*1+리필*3+메쉬백*1)	AGE20S 앰플 에센스 팩트 다이아 물광샷 아이스 기본 패키지	1571000	미용	화장품/미용	화장품/미용	20260708
신세계쇼핑	단순	00:37	20071523 흥국화재 365간병 집중플랜(0121,건)-저압압력솥	20071523 흥국화재 365간병 집중플랜(0121,건)-저압압력솥	0	GA	생활/건강	생활/건강	20260708
KT알파쇼핑	단순	00:37	이지듀_톤업크림	이지듀_톤업크림	18564000	미용	화장품/미용	화장품/미용	20260708
쇼핑엔티	복합	00:52	(1세트)닥터조인 무릎관절 지지 의료기기	닥터조인 무릎관절 지지 의료기기	10712000	가전	스포츠/레저	스포츠/레저	20260708
쇼핑엔티	복합	00:52	(1세트)닥터조인 무릎관절 지지 의료기기	벨기에 유산균 다이어트 트리플러스	0	건강식품	패션의류	스포츠/레저	20260708
NS홈쇼핑	복합	01:00	히트상품 앵콜방송1부	히트상품 앵콜방송1부	25846400	일반식품	식품	식품	20260708
NS홈쇼핑	복합	01:00	히트상품 앵콜방송1부	히트상품 앵콜방송 2부	0	일반식품	식품	식품	20260708
CJ온스타일	복합	01:00	[통당 최저가/CJ 1등 선스틱] 시카밤 선스틱 시즌2 패밀리패키지 (본품 8개)	[통당 최저가/CJ 1등 선스틱] 시카밤 선스틱 시즌2 패밀리패키지 (본품 8개)	31713000			화장품/미용	20260708
롯데홈쇼핑	복합	01:00	[최신상]프롬바이오 위엔 매스틱 24주분 (1,100mg x 84캡슐 x 6박스)	[최신상]프롬바이오 위엔 매스틱 24주분 (1,100mg x 84캡슐 x 6박스)	17970000			식품	20260708
공영쇼핑	단순	01:00	[한돈 앞다리] 앞다리 순살 족발 8팩 + 별미 양념꼬리 2팩(총 10팩)	[한돈 앞다리] 앞다리 순살 족발 8팩 + 별미 양념꼬리 2팩(총 10팩)	26533500	일반식품	식품	식품	20260708
홈앤쇼핑	복합	01:00	(이가격 방송에서만) [한일] 듀얼 믹서기 총 12종	(이가격 방송에서만) [한일] 듀얼 믹서기 총 12종	17301000			디지털/가전	20260708
현대홈쇼핑	복합	01:20	알레보 디엣지 플러스 유리 밥용기 1+1세트(12P)_방송에서만	디엣지 플러스 유리 밥용기 1 1세트_	37536100	리빙/주방		생활/건강	20260708
현대홈쇼핑	복합	01:20	알레보 디엣지 플러스 유리 밥용기 1+1세트(12P)_방송에서만	프리미엄 리포좀 비타민C 프로 비타민C스틱 싸인텀블러	0	건강식품		생활/건강	20260708
SK스토아	단순	01:31	[방송에서만 4박스 더]통째로 갈아만든 유기농 블루베리 8+4박스(20g*14포*12박스) | 원산지 : 상품정보 참조	[방송에서만 4박스 더]통째로 갈아만든 유기농 블루베리 8+4박스(20g*14포*12박스) | 원산지 : 상품정보 참조	10296000	건강식품	식품	식품	20260708
KT알파쇼핑	단순	01:37	DB손해보험_종합건강보험(간병플랜)	DB손해보험_종합건강보험(간병플랜)	0	미용	화장품/미용	여가/생활편의	20260708
신세계쇼핑	복합	01:38	(방송에서만 4박스 더!)[홀베리]유기농 블루베리 8+4박스 (총 12박스, 168포)	유기농 블루베리 8	14058000	건강식품	식품	식품	20260708
신세계쇼핑	복합	01:38	(방송에서만 4박스 더!)[홀베리]유기농 블루베리 8+4박스 (총 12박스, 168포)	라씨엘르 효소 곡물팩 클렌저 단독 패키지	0	미용	화장품/미용	식품	20260708
쇼핑엔티	단순	01:51	[50％세일] 벨기에 유산균+다이어트 트리플러스 12박스 (6개월분)	[50％세일] 벨기에 유산균+다이어트 트리플러스 12박스 (6개월분)	10235000	가전	스포츠/레저	패션의류	20260708
롯데홈쇼핑	복합	01:55	[미시간(MICHIGAN)] 미시간 유니버시티 여성 조거팬츠 3종	[미시간(MICHIGAN)] 미시간 유니버시티 여성 조거팬츠 3종	3542900			패션의류	20260708
GS홈쇼핑	복합	02:00	[해즈픽] 시그니처 케어칫솔20개+1개(무료체험)	[해즈픽] 시그니처 케어칫솔20개+1개(무료체험)	19379000			생활/건강	20260708
홈앤쇼핑	복합	02:00	[NEW] 디마떼오 피자 4종/20팩(알마이스,양송이,디아볼라,바질콤비네이션)	[NEW] 디마떼오 피자 4종/20팩(알마이스,양송이,디아볼라,바질콤비네이션)	19609800			식품	20260708
NS홈쇼핑	복합	02:00	히트상품 앵콜방송 2부	히트상품 앵콜방송1부	0	일반식품	식품	식품	20260708
NS홈쇼핑	복합	02:00	히트상품 앵콜방송 2부	히트상품 앵콜방송 2부	10679400	일반식품	식품	식품	20260708
CJ온스타일	단순	02:00	[최초가 79,900] 시어서커 썸머 밴딩팬츠3종	[최초가 79,900] 시어서커 썸머 밴딩팬츠3종	18313300	의류		패션의류	20260708
공영쇼핑	단순	02:00	(국내산 국물두배 세트)신건호 멸치4봉 디포리3봉 (총 7봉)	(국내산 국물두배 세트)신건호 멸치4봉 디포리3봉 (총 7봉)	8940100	일반식품	식품	식품	20260708
현대홈쇼핑	복합	02:10	[S][하루틴]프리미엄 리포좀 비타민C 프로 12+3개월분 + 비타민C스틱 3박스+싸인텀블러	프리미엄 리포좀 비타민C 프로 비타민C스틱 싸인텀블러	20240000	건강식품		식품	20260708
현대홈쇼핑	복합	02:10	[S][하루틴]프리미엄 리포좀 비타민C 프로 12+3개월분 + 비타민C스틱 3박스+싸인텀블러	60초 완성 텀블러형 에스프레소 머신	0	일반식품		식품	20260708
SK스토아	복합	02:11	[더블구성]LACO 다용도 멀티 클리너 더블세트 (레몬4개,라벤더2개)	[더블구성]LACO 다용도 멀티 클리너 더블세트 (레몬4개,라벤더2개)	9255000			생활/건강	20260708
롯데홈쇼핑	단순	02:25	[에끌라두] 로얄 밀크 프로틴 페이셜 마스크팩 세트	[에끌라두] 로얄 밀크 프로틴 페이셜 마스크팩 세트	1835400	미용		화장품/미용	20260708
신세계쇼핑	복합	02:38	[단독/방송] 라씨엘르 효소 곡물팩 클렌저 단독 패키지 	유기농 블루베리 8	0	건강식품	식품	화장품/미용	20260708
신세계쇼핑	복합	02:38	[단독/방송] 라씨엘르 효소 곡물팩 클렌저 단독 패키지 	라씨엘르 효소 곡물팩 클렌저 단독 패키지	5555600	미용	화장품/미용	화장품/미용	20260708
KT알파쇼핑	복합	02:38	크랙몬스터_크랙보수제	크랙몬스터_크랙보수제	11737837	리빙/주방	생활/건강	생활/건강	20260708
KT알파쇼핑	복합	02:38	크랙몬스터_크랙보수제	신미사_자세교정운동화	394963	일반식품	생활/건강	생활/건강	20260708
공영쇼핑	복합	02:50	[에코하임]밀폐용기 데일리 9개 (그린/화이트 선택)	[에코하임]밀폐용기 데일리 9개 (그린/화이트 선택)	20907600			생활/건강	20260708
쇼핑엔티	복합	02:51	CANZ 쫀돌이 먼지클리너 더블구성	벨기에 유산균 다이어트 트리플러스	0	건강식품	패션의류	생활/건강	20260708
쇼핑엔티	복합	02:51	CANZ 쫀돌이 먼지클리너 더블구성	CANZ 쫀돌이 먼지클리너 더블구성	5768400	리빙/주방	생활/건강	생활/건강	20260708
현대홈쇼핑	복합	03:00	[베이커x청담 커피루소] 60초 완성 텀블러형 에스프레소 머신 (+방송에서만 분쇄 원두 200g 추가구성)	60초 완성 텀블러형 에스프레소 머신	5545000	일반식품		생활/건강	20260708
현대홈쇼핑	복합	03:00	[베이커x청담 커피루소] 60초 완성 텀블러형 에스프레소 머신 (+방송에서만 분쇄 원두 200g 추가구성)	칼만 통3중 스텐 저압냄비 풀세트	0	리빙/주방		생활/건강	20260708
홈앤쇼핑	복합	03:00	컬러딥 메이크업이레이져 옐로우+로즈 에디션 기본세트 (본품8개+여행용2개)	컬러딥 메이크업이레이져 옐로우+로즈 에디션 기본세트 (본품8개+여행용2개)	16811600			화장품/미용	20260708
CJ온스타일	단순	03:00	[최초가89,900원] 25FW 듀얼 퀼팅 자켓	[최초가89,900원] 25FW 듀얼 퀼팅 자켓	269700	의류		패션의류	20260708
GS홈쇼핑	복합	03:10	노르딕슬립 콜드스토프 쿨매트 라지킹(LK)	노르딕슬립 콜드스토프 쿨매트 라지킹(LK)	7847000			생활/건강	20260708
SK스토아	단순	03:11	SISLEY 크로스 데코 샌들	SISLEY 크로스 데코 샌들	3168000	잡화/주얼리	패션잡화	패션잡화	20260708
CJ온스타일	복합	03:15	[최초가69,900원] 프렌치 린넨 펄니트 3종	[최초가69,900원] 프렌치 린넨 펄니트 3종	4306100			패션의류	20260708
NS홈쇼핑	복합	03:20	히트상품 앵콜방송3부	히트상품 앵콜방송3부	2840500	일반식품	가구/인테리어	가구/인테리어	20260708
NS홈쇼핑	복합	03:20	히트상품 앵콜방송3부	히트상품 앵콜방송4부	0	일반식품	식품	가구/인테리어	20260708
롯데홈쇼핑	단순	03:25	[키친스토리] 빅마마 부드럽고 담백한 국내산 병어 250g x10팩 (총 20미, 2.5kg)	[키친스토리] 빅마마 부드럽고 담백한 국내산 병어 250g x10팩 (총 20미, 2.5kg)	2061500	일반식품		식품	20260708
현대홈쇼핑	복합	03:30	[방송에서만] 칼만 통3중 스텐 저압냄비 풀세트 (4리터+6리터)	칼만 통3중 스텐 저압냄비 풀세트	33612000	리빙/주방		생활/건강	20260708
현대홈쇼핑	복합	03:30	[방송에서만] 칼만 통3중 스텐 저압냄비 풀세트 (4리터+6리터)	26SS 엘르 나일론 시어 윈드 점퍼	0	의류		생활/건강	20260708
CJ온스타일	단순	03:30	26SS 램스킨 위빙 샌들	26SS 램스킨 위빙 샌들	4134000	잡화/주얼리		패션잡화	20260708
신세계쇼핑	복합	03:39	(26년최신상/웅니버스)오스템 와픽 UV 프리미엄 핸디 구강세정기 1+1세트+혀클리너팁 2개	(26년최신상/웅니버스)오스템 와픽 UV 프리미엄 핸디 구강세정기 1+1세트+혀클리너팁 2개	2090000			디지털/가전	20260708
KT알파쇼핑	복합	03:39	신미사_자세교정운동화(다이얼)	크랙몬스터_크랙보수제	0	리빙/주방	생활/건강	생활/건강	20260708
KT알파쇼핑	복합	03:39	신미사_자세교정운동화(다이얼)	신미사_자세교정운동화	2314000	일반식품	생활/건강	생활/건강	20260708
KT알파쇼핑	복합	03:39	신미사_자세교정운동화(다이얼)	종근당건강_루테인아스타잔틴	0	건강식품	식품	생활/건강	20260708
롯데홈쇼핑	복합	03:55	[리더스] ★리뷰 시 한 통 더!/즉각리프팅★[롯데단독명품언니패키지] 리더스 PDRN 주름전용 크림 20ml * 6 + 리뷰 시  본품 + 아이&페이스 리프팅 마사지기 증정	[리더스] ★리뷰 시 한 통 더!/즉각리프팅★[롯데단독명품언니패키지] 리더스 PDRN 주름전용 크림 20ml * 6 + 리뷰 시  본품 + 아이&페이스 리프팅 마사지기 증정	5727000			화장품/미용	20260708
쇼핑엔티	단순	03:57	블라우풍트 음성증폭기	블라우풍트 음성증폭기	399000	가전	디지털/가전	디지털/가전	20260708
신세계쇼핑	단순	03:59	유로컬렉션 아일랜드산 리얼 양모100 롱코트	유로컬렉션 아일랜드산 리얼 양모100 롱코트	5771000	의류	패션의류	패션의류	20260708
GS홈쇼핑	복합	04:00	프리메로 블루베리 리얼 100% 1박스 10포 (1박스 10포)	프리메로 블루베리 리얼 100% 10포	15261000	건강식품	식품	식품	20260708
GS홈쇼핑	복합	04:00	프리메로 블루베리 리얼 100% 1박스 10포 (1박스 10포)	우리밀 발아통밀 두부과자 총13팩	0	일반식품	식품	식품	20260708
NS홈쇼핑	복합	04:00	히트상품 앵콜방송4부	히트상품 앵콜방송3부	0	일반식품	가구/인테리어	식품	20260708
NS홈쇼핑	복합	04:00	히트상품 앵콜방송4부	히트상품 앵콜방송4부	18287900	일반식품	식품	식품	20260708
NS홈쇼핑	복합	04:00	히트상품 앵콜방송4부	동해붉은대게살	0	일반식품	식품	식품	20260708
CJ온스타일	복합	04:00	[최초가 79,000원] 에어핏 남성 이지팬츠	[최초가 79,000원] 에어핏 남성 이지팬츠	16066000			패션의류	20260708
홈앤쇼핑	복합	04:05	[이지웨어포함] 26SS 보디가드 남성 언더 셋업 5세트(런닝+드로즈)	[이지웨어포함] 26SS 보디가드 남성 언더 셋업 5세트(런닝+드로즈)	35509200			패션의류	20260708
KT알파쇼핑	단순	04:09	종근당건강_루테인아스타잔틴	종근당건강_루테인아스타잔틴	472000	일반식품	생활/건강	식품	20260708
공영쇼핑	단순	04:10	[퍼퓸홀릭] 셀럽 도 오드 퍼퓸 30mlx5종+50ml추가증정	[퍼퓸홀릭] 셀럽 도 오드 퍼퓸 30mlx5종+50ml추가증정	25355200	미용	화장품/미용	화장품/미용	20260708
SK스토아	복합	04:11	(최대용량)(심야)에코센스 히트락 올트라이탄 밀폐용기 14종	(최대용량)(심야)에코센스 히트락 올트라이탄 밀폐용기 14종	11810400			생활/건강	20260708
쇼핑엔티	단순	04:17	[보넬드] 아이엠 당근 주스 12병	[보넬드] 아이엠 당근 주스 12병	198000	가전	디지털/가전	식품	20260708
신세계쇼핑	단순	04:19	보리담은 아이스 찰보리빵 총100개, 오리지널 60개 + 쑥아이스 20개 + 유자아이스20개(개당28g)	보리담은 아이스 찰보리빵 총100개, 오리지널 60개 + 쑥아이스 20개 + 유자아이스20개(개당28g)	1077300	일반식품	식품	식품	20260708
현대홈쇼핑	단순	04:20	[ELLE] 26SS 엘르 나일론 시어 윈드 점퍼 1종	[ELLE] 26SS 엘르 나일론 시어 윈드 점퍼 1종	27969900	의류		패션의류	20260708
롯데홈쇼핑	복합	04:25	[런칭가 119,000원] 까스텔바작 26SS 여성 크로쉐 앙상블 2종 (메탈 가디건 1종 + 반팔 후드 니트 1종)	[런칭가 119,000원] 까스텔바작 26SS 여성 크로쉐 앙상블 2종 (메탈 가디건 1종 + 반팔 후드 니트 1종)	2581000			패션의류	20260708
KT알파쇼핑	복합	04:29	비오진_톤업선크림	종근당건강_루테인아스타잔틴	0	건강식품	식품	화장품/미용	20260708
KT알파쇼핑	복합	04:29	비오진_톤업선크림	비오진_톤업선크림	26239960	미용	화장품/미용	화장품/미용	20260708
KT알파쇼핑	복합	04:29	비오진_톤업선크림	루시헨느_여성팬티	1438640	언더웨어	패션의류	화장품/미용	20260708
CJ온스타일	단순	04:30	팔도강산 흑염소탕	팔도강산 흑염소탕	4753200	일반식품		식품	20260708
신세계쇼핑	복합	04:30	[반값세일] 위에는 윌 위건강 유산균 / 엠프로 프로바이오틱스 윌+ 6박스 (6개월분)	[반값세일] 위에는 윌 위건강 유산균 / 엠프로 프로바이오틱스 윌+ 6박스 (6개월분)	19888000			식품	20260708
쇼핑엔티	단순	04:37	[방송에서만]26SS 레이프릴 썸머가든 인견팬티 10+2	[방송에서만]26SS 레이프릴 썸머가든 인견팬티 10+2	16434000	언더웨어	패션의류	패션의류	20260708
롯데홈쇼핑	복합	04:45	[바이브리짓X쥬시쥬디] 26SS 플라워 아트웍 티셔츠 4종	[바이브리짓X쥬시쥬디] 26SS 플라워 아트웍 티셔츠 4종	10162000			패션의류	20260708
현대홈쇼핑	단순	04:50	제이시글램 26SS 페이즐리 쉬폰 셔츠자켓 4종	제이시글램 26SS 페이즐리 쉬폰 셔츠자켓 4종	51710400	의류		패션의류	20260708
SK스토아	단순	04:51	[방송에서만 무료체험 1병더] 질경이 에코아워시 폼(150g) 7개 + 페미닌티슈 라이트(10매입)2개	[방송에서만 무료체험 1병더] 질경이 에코아워시 폼(150g) 7개 + 페미닌티슈 라이트(10매입)2개	4263900	리빙/주방	화장품/미용	화장품/미용	20260708
SK스토아	복합	04:51	[믿쓰진][최대 용량]단백질 앰플 믿쓰진 패키지(35ml*6+10ml*2+무체*1+리프트볼*1+미스트 80ml*1)	질경이 에코아워시 폼 페미닌티슈 라이트2개	1431000	리빙/주방	화장품/미용	화장품/미용	20260708
SK스토아	복합	04:51	[믿쓰진][최대 용량]단백질 앰플 믿쓰진 패키지(35ml*6+10ml*2+무체*1+리프트볼*1+미스트 80ml*1)	단백질 앰플 믿쓰진 패키지	1431000	미용	화장품/미용	화장품/미용	20260708
GS홈쇼핑	단순	05:00	우리밀 발아통밀 두부과자 100g 총13팩	우리밀 발아통밀 두부과자 100g 총13팩	7341600	건강식품	식품	식품	20260708
NS홈쇼핑	복합	05:00	동해붉은대게살	히트상품 앵콜방송4부	0	일반식품	식품	식품	20260708
NS홈쇼핑	복합	05:00	동해붉은대게살	동해붉은대게살	23752400	일반식품	식품	식품	20260708
NS홈쇼핑	복합	05:00	동해붉은대게살	리즐온블루베리스틱	0	건강식품	식품	식품	20260708
CJ온스타일	복합	05:00	26SS 레이스 트리밍 시어 풀오버 3종	26SS 레이스 트리밍 시어 풀오버 3종	127556100			패션의류	20260708
공영쇼핑	단순	05:00	[게릴라] 광천 재래 도시락김 64개(각 4g, 16개입, 총 4봉)	[게릴라] 광천 재래 도시락김 64개(각 4g, 16개입, 총 4봉)	5412800	일반식품	식품	식품	20260708
공영쇼핑	복합	05:10	셰퍼 스팀싹 스팀다리미	셰퍼 스팀싹 스팀다리미	32437000			생활/건강	20260708
롯데홈쇼핑	복합	05:15	[블라우풍트] 블라우풍트 스마트워치[BLP-SW331]+사은품 톰슨 이어폰	[블라우풍트] 블라우풍트 스마트워치[BLP-SW331]+사은품 톰슨 이어폰	32777000			디지털/가전	20260708
현대홈쇼핑	복합	05:20	[부르다문화이트] 2025 NEW 썸머 플리츠 롱원피스+목걸이	썸머 플리츠 롱원피스 목걸이	74455267	의류		패션의류	20260708
현대홈쇼핑	복합	05:20	[부르다문화이트] 2025 NEW 썸머 플리츠 롱원피스+목걸이	화이트 26SS 마혼방 썸머 데님 팬츠	74455267	의류		패션의류	20260708
현대홈쇼핑	복합	05:20	[부르다문화이트] 2025 NEW 썸머 플리츠 롱원피스+목걸이	비버리힐즈폴로클럽 26SS 여성 코튼린넨셔츠	74455267	의류		패션의류	20260708
현대홈쇼핑	복합	05:20	[부르다문화이트] 2025 NEW 썸머 플리츠 롱원피스+목걸이	나노엔닥터 마노아 세탁세제 섬유유연제	0	리빙/주방		패션의류	20260708
홈앤쇼핑	단순	05:20	[안지크]26SS 시그니처 드로잉 아트웍 티블라우스 5종	[안지크]26SS 시그니처 드로잉 아트웍 티블라우스 5종	47554700	의류	패션의류	패션의류	20260708
KT알파쇼핑	단순	05:29	루시헨느_여성팬티	루시헨느_여성팬티	34081700	미용	화장품/미용	패션의류	20260708
신세계쇼핑	복합	05:30	26SS 잭니클라우스 남성 하프팬츠 2종	26SS 잭니클라우스 남성 하프팬츠	41726000	의류	패션의류	패션의류	20260708
신세계쇼핑	복합	05:30	26SS 잭니클라우스 남성 하프팬츠 2종	특집 골드 카무트 효소 파로 5봉 복부마사지기/입고	0	건강식품	식품	패션의류	20260708
GS홈쇼핑	복합	05:30	뉴트리코어 하이퍼셀 코엔자임Q10 맥스 6박스(6개월분)	우리밀 발아통밀 두부과자 총13팩	0	일반식품	식품	식품	20260708
GS홈쇼핑	복합	05:30	뉴트리코어 하이퍼셀 코엔자임Q10 맥스 6박스(6개월분)	뉴트리코어 하이퍼셀 코엔자임Q10 맥스	37750000	건강식품	식품	식품	20260708
GS홈쇼핑	복합	05:30	뉴트리코어 하이퍼셀 코엔자임Q10 맥스 6박스(6개월분)	비에날씬 프로 다이어트 유산균	0	건강식품	식품	식품	20260708
SK스토아	단순	05:31	볼륨 트위스트 컴포트 플랫폼 샌들	볼륨 트위스트 컴포트 플랫폼 샌들	30557800	잡화/주얼리	패션잡화	패션잡화	20260708
쇼핑엔티	단순	05:37	26SS 트로이 여성 쿨인견 팬츠 1+1	26SS 트로이 여성 쿨인견 팬츠 1+1	63329200	의류	패션의류	패션의류	20260708
NS홈쇼핑	단순	05:40	리즐온블루베리스틱	리즐온블루베리스틱	38280000	일반식품	식품	식품	20260708
홈앤쇼핑	단순	06:00	[방송에서만대용량2통더] EGF 스와니브 PDRN 쌀겨수 미스트 7통 + 온천수 미스트1통	[방송에서만대용량2통더] EGF 스와니브 PDRN 쌀겨수 미스트 7통 + 온천수 미스트1통	94941500	미용	화장품/미용	화장품/미용	20260708
공영쇼핑	단순	06:00	[바이렌] 대용량 두유제조기 1.2L	[바이렌] 대용량 두유제조기 1.2L	71460900	가전	생활/건강	생활/건강	20260708
CJ온스타일	복합	06:00	[7/8단 하루]황성주 박사의 라이프 밀 8박스+영양식2박스+흔들컵2	[7/8단 하루]황성주 박사의 라이프 밀 8박스+영양식2박스+흔들컵2	126515000			식품	20260708
롯데홈쇼핑	복합	06:15	[더블패키지]뉴트리코어 하이퍼셀 PDRN 리쥬 코어 크림 50ml*6개+(리뷰시) 톤업선크림 30ml*1개	[더블패키지]뉴트리코어 하이퍼셀 PDRN 리쥬 코어 크림 50ml*6개+(리뷰시) 톤업선크림 30ml*1개	60914000			화장품/미용	20260708
GS홈쇼핑	복합	06:15	비에날씬 프로 다이어트 유산균(3박스)	뉴트리코어 하이퍼셀 코엔자임Q10 맥스	0	건강식품	식품	식품	20260708
GS홈쇼핑	복합	06:15	비에날씬 프로 다이어트 유산균(3박스)	비에날씬 프로 다이어트 유산균	77736000	건강식품	식품	식품	20260708
KT알파쇼핑	단순	06:30	바로인_슬립온	바로인_슬립온	80523000	언더웨어	패션의류	패션잡화	20260708
신세계쇼핑	단순	06:30	*특집* [방송중 반값세일/14개월] 골드 카무트 효소 14박스+ 파로 5봉 + 복부마사지기/입고	*특집* [방송중 반값세일/14개월] 골드 카무트 효소 14박스+ 파로 5봉 + 복부마사지기/입고	91770000	의류	패션의류	식품	20260708
NS홈쇼핑	복합	06:30	린워킹화	리즐온블루베리스틱	0	건강식품	식품	패션잡화	20260708
NS홈쇼핑	복합	06:30	린워킹화	린워킹화	95078000	잡화/주얼리	패션잡화	패션잡화	20260708
NS홈쇼핑	복합	06:30	린워킹화	골드파로효소	0	건강식품	식품	패션잡화	20260708
SK스토아	단순	06:31	(방송에서만)알티지오메가3 비타민D 12박스에 4박스 더 (추가구성 천관보정 2개월분) | 원산지 : 상품정보 참조	(방송에서만)알티지오메가3 비타민D 12박스에 4박스 더 (추가구성 천관보정 2개월분) | 원산지 : 상품정보 참조	28282000	건강식품	식품	식품	20260708
쇼핑엔티	단순	06:36	[파격초특가]26SS 오리지날리 썸머 나염  팬츠 4종	[파격초특가]26SS 오리지날리 썸머 나염  팬츠 4종	52747800	의류	패션의류	패션의류	20260708
GS홈쇼핑	복합	07:15	위자드조선 누룩밤 100ml 1개	위자드조선 누룩밤 100ml 1개	141903000			화장품/미용	20260708
공영쇼핑	단순	07:15	[8주머니] 풍기포인견 시어서커 이지웨어	[8주머니] 풍기포인견 시어서커 이지웨어	131380600	의류	패션의류	패션의류	20260708
CJ온스타일	복합	07:15	[한창서패키지/완벽더블]봉톡신 마스크12통+10ml*6+스패출라2	[한창서패키지/완벽더블]봉톡신 마스크12통+10ml*6+스패출라2	189716000			화장품/미용	20260708
현대홈쇼핑	단순	07:15	나노엔닥터 마노아 세탁세제+섬유유연제 (세제 2.5L X 8 + 섬유유연제 2.5L X 2)	나노엔닥터 마노아 세탁세제+섬유유연제 (세제 2.5L X 8 + 섬유유연제 2.5L X 2)	203918000	리빙/주방		생활/건강	20260708
롯데홈쇼핑	복합	07:15	[에콕스] ■ ECOX 에콕스 26SS 여성 썸머 리오셀 블렌디드 데님팬츠 3종	[에콕스] ■ ECOX 에콕스 26SS 여성 썸머 리오셀 블렌디드 데님팬츠 3종	181621170			패션의류	20260708
홈앤쇼핑	복합	07:15	[투라] 블랙 토닝 쿠션 최다 패키지(케이스 2종 + 리필 5개)	[투라] 블랙 토닝 쿠션 최다 패키지(케이스 2종 + 리필 5개)	87384000			화장품/미용	20260708
NS홈쇼핑	복합	07:20	골드파로효소	린워킹화	0	잡화/주얼리	패션잡화	식품	20260708
NS홈쇼핑	복합	07:20	골드파로효소	골드파로효소	246162000	건강식품	식품	식품	20260708
NS홈쇼핑	복합	07:20	골드파로효소	마이어텀블랜더	0	가전	디지털/가전	식품	20260708
KT알파쇼핑	복합	07:30	닥터린_콘드로이친K2	바로인_슬립온	0	잡화/주얼리	패션잡화	식품	20260708
KT알파쇼핑	복합	07:30	닥터린_콘드로이친K2	닥터린_콘드로이친K2	52071249	건강식품	식품	식품	20260708
KT알파쇼핑	복합	07:30	닥터린_콘드로이친K2	신미사_족저근막지지슬리퍼	586251	잡화/주얼리	생활/건강	식품	20260708
SK스토아	복합	07:31	[BEST]헤드스파7 헤어 볼륨스타일러 레드 에디션 더블 패키지 +(방송에서만)헤어마스카라	[BEST]헤드스파7 헤어 볼륨스타일러 레드 에디션 더블 패키지 +(방송에서만)헤어마스카라	46984000			화장품/미용	20260708
신세계쇼핑	복합	07:31	[방송에서만 이구성이가격] 파나소닉 제트워셔 NEW포터블 무선 구강세정기 1+1SET(DJ11)	파나소닉 제트워셔 NEW포터블 무선 구강세정기 1 1SET	45939000	가전	디지털/가전	디지털/가전	20260708
신세계쇼핑	복합	07:31	[방송에서만 이구성이가격] 파나소닉 제트워셔 NEW포터블 무선 구강세정기 1+1SET(DJ11)	철벽녀 절대커버 쿠션	0	미용	화장품/미용	디지털/가전	20260708
쇼핑엔티	복합	07:36	이지듀 포스트 레이져 EGF크림 40ml 9통	이지듀 포스트 레이져 EGF크림 40ml 9통	20685000			화장품/미용	20260708
현대홈쇼핑	복합	08:15	이상봉에디션 26SS 플라워 플리츠 셔츠 자켓	에디션 26SS 플라워 플리츠 셔츠 자켓	201682400	의류		패션의류	20260708
현대홈쇼핑	복합	08:15	이상봉에디션 26SS 플라워 플리츠 셔츠 자켓	리오벨 26 FW 오픈넥 호주산 양모 하프 코트	201682400	의류		패션의류	20260708
현대홈쇼핑	복합	08:15	이상봉에디션 26SS 플라워 플리츠 셔츠 자켓	이상봉에디션 26SS 아일렛 슬리브리스 코튼탑	201682400	의류		패션의류	20260708
현대홈쇼핑	복합	08:15	이상봉에디션 26SS 플라워 플리츠 셔츠 자켓	에스카다 스포츠 26SS 글리터 크로쉐 니트 점퍼	0	의류		패션의류	20260708
GS홈쇼핑	복합	08:15	뉴트리코어 하이퍼셀 코엔자임Q10 맥스 12박스+6박스 더(방송에서만) 총 18박스(18개월분)	뉴트리코어 하이퍼셀 코엔자임Q10 맥스 12박스+6박스 더(방송에서만) 총 18박스(18개월분)	257621000			식품	20260708
CJ온스타일	복합	08:15	Arch-9 기능성 슬리퍼_블랙+신발악세서리4P	Arch-9 기능성 슬리퍼_블랙+신발악세서리4P	271873800			패션잡화	20260708
홈앤쇼핑	복합	08:15	[데미안(DEMIAN)]26SS 아뜰리에 유로피안 린넨 블렌딩 썸머 티 에디션 7종	[데미안(DEMIAN)]26SS 아뜰리에 유로피안 린넨 블렌딩 썸머 티 에디션 7종	123532400			패션의류	20260708
롯데홈쇼핑	복합	08:15	[이알하나] ★[방송에서만 2박스 더] 이알하나 갱년기 10+2박스 (80mg x 28정 x 12박스)	[이알하나] ★[방송에서만 2박스 더] 이알하나 갱년기 10+2박스 (80mg x 28정 x 12박스)	143062000			식품	20260708
공영쇼핑	복합	08:20	[해동찬가] 멸치세트 볶음용150g×3봉 + 조림용150g×6봉(1봉추가)	[해동찬가] 멸치세트 볶음용150g×3봉 + 조림용150g×6봉(1봉추가)	132825500			식품	20260708
NS홈쇼핑	복합	08:25	마이어텀블랜더	골드파로효소	0	건강식품	식품	디지털/가전	20260708
NS홈쇼핑	복합	08:25	마이어텀블랜더	마이어텀블랜더	95223800	가전	디지털/가전	디지털/가전	20260708
NS홈쇼핑	복합	08:25	마이어텀블랜더	임성근키로갈비탕	0	일반식품	식품	디지털/가전	20260708
KT알파쇼핑	복합	08:30	신미사_족저근막지지슬리퍼	닥터린_콘드로이친K2	0	건강식품	식품	생활/건강	20260708
KT알파쇼핑	복합	08:30	신미사_족저근막지지슬리퍼	신미사_족저근막지지슬리퍼	97788497	잡화/주얼리	생활/건강	생활/건강	20260708
KT알파쇼핑	복합	08:30	신미사_족저근막지지슬리퍼	얼쎄라_매직크림	5605503	미용	화장품/미용	생활/건강	20260708
신세계쇼핑	단순	08:31	[최신상] 철벽녀 절대커버 쿠션 (6개용량 + 립글라스 전고객)	[최신상] 철벽녀 절대커버 쿠션 (6개용량 + 립글라스 전고객)	65986600	가전	디지털/가전	화장품/미용	20260708
SK스토아	단순	08:31	(방송에서만)칼만 통3중 저압 스텐 냄비세트 6L+4L	(방송에서만)칼만 통3중 저압 스텐 냄비세트 6L+4L	88407000	리빙/주방	생활/건강	생활/건강	20260708
쇼핑엔티	복합	08:36	스위스알파인클럽 프라임 트윈 에어베드 (싱글2세트)	스위스알파인클럽 프라임 트윈 에어베드	70742000	리빙/주방	가구/인테리어	가구/인테리어	20260708
쇼핑엔티	복합	08:36	스위스알파인클럽 프라임 트윈 에어베드 (싱글2세트)	김오곤 원장의 한방 다이어트 환	0	건강식품	식품	가구/인테리어	20260708
CJ온스타일	복합	09:20	SK_슈퍼쿨 냉감패드 1+1	SK_슈퍼쿨 냉감패드 1+1	-89900			가구/인테리어	20260708
공영쇼핑	복합	09:20	[4인용] 코튼필 풍기인견 볼륨 소파패드 2장 세트 ♥ 오늘 최저가 방송 놓치지마세요 ♥	[4인용] 코튼필 풍기인견 볼륨 소파패드 2장 세트 ♥ 오늘 최저가 방송 놓치지마세요 ♥	149425500			가구/인테리어	20260708
롯데홈쇼핑	복합	09:25	[투명피부핵심패키지]뉴트리코어 하이퍼셀 멜라토닌 화이트닝 앰플 30ml*8병 + 최초!(리뷰시)멜라토닌 앰플 30ml 본품 한 통 더!	[투명피부핵심패키지]뉴트리코어 하이퍼셀 멜라토닌 화이트닝 앰플 30ml*8병 + 최초!(리뷰시)멜라토닌 앰플 30ml 본품 한 통 더!	112229000			화장품/미용	20260708
GS홈쇼핑	단순	09:25	[상담만 받아도 특별한혜택] (무)원스톱프리미엄암보험_치료비플랜	[상담만 받아도 특별한혜택] (무)원스톱프리미엄암보험_치료비플랜	0	보험			20260708
현대홈쇼핑	복합	09:25	[ESCADA SPORT] 에스카다 스포츠 26SS 글리터 크로쉐 니트 점퍼	에스카다 스포츠 26SS 글리터 크로쉐 니트 점퍼	975166000	의류		스포츠/레저	20260708
현대홈쇼핑	복합	09:25	[ESCADA SPORT] 에스카다 스포츠 26SS 글리터 크로쉐 니트 점퍼	꾸띄르 26SS 쉬폰 가디건	0	의류		스포츠/레저	20260708
현대홈쇼핑	복합	09:25	[ESCADA SPORT] 에스카다 스포츠 26SS 글리터 크로쉐 니트 점퍼	실크 캐시미어 파라슈트 가디건	0	의류		스포츠/레저	20260708
현대홈쇼핑	복합	09:25	[ESCADA SPORT] 에스카다 스포츠 26SS 글리터 크로쉐 니트 점퍼	린넨블렌디드 롱 원피스 A15C0164-TNV0A1	0	의류		스포츠/레저	20260708
현대홈쇼핑	복합	09:25	[ESCADA SPORT] 에스카다 스포츠 26SS 글리터 크로쉐 니트 점퍼	고비 실크캐시미어 세미돌먼 홀가 가디건	0	의류		스포츠/레저	20260708
홈앤쇼핑	단순	09:25	[이구성 최초] 클라이덴 퍼플 더 글로우 실속패키지  (치약 대용량 8+치약 무료체험1+칫솔2+미백가글1)	[이구성 최초] 클라이덴 퍼플 더 글로우 실속패키지  (치약 대용량 8+치약 무료체험1+칫솔2+미백가글1)	101442000	리빙/주방	생활/건강	생활/건강	20260708
KT알파쇼핑	단순	09:30	얼쎄라_매직크림	얼쎄라_매직크림	63189000	잡화/주얼리	생활/건강	화장품/미용	20260708
NS홈쇼핑	복합	09:30	임성근키로갈비탕	마이어텀블랜더	0	가전	디지털/가전	식품	20260708
NS홈쇼핑	복합	09:30	임성근키로갈비탕	임성근키로갈비탕	199706600	일반식품	식품	식품	20260708
NS홈쇼핑	복합	09:30	임성근키로갈비탕	이시형마그네슘	0	건강식품	식품	식품	20260708
SK스토아	복합	09:31	★방송에서만★(Q)아이스Max 쿨드론 냉감침구 7종 풀패키지(패드2+이불1+베개커버2+베개2)	아이스Max 쿨드론 냉감침구 풀패키지	38784300	리빙/주방	가구/인테리어	가구/인테리어	20260708
SK스토아	복합	09:31	★방송에서만★(Q)아이스Max 쿨드론 냉감침구 7종 풀패키지(패드2+이불1+베개커버2+베개2)	더마픽스 휴멀 콜라겐 마스크팩 추가	38784300	미용	화장품/미용	가구/인테리어	20260708
SK스토아	복합	09:31	(매니아)더마픽스 휴멀 콜라겐 마스크팩  48매+(방송에서만)3매 추가	아이스Max 쿨드론 냉감침구 풀패키지	3570000	리빙/주방	가구/인테리어	화장품/미용	20260708
SK스토아	복합	09:31	(매니아)더마픽스 휴멀 콜라겐 마스크팩  48매+(방송에서만)3매 추가	더마픽스 휴멀 콜라겐 마스크팩 추가	3570000	미용	화장품/미용	화장품/미용	20260708
신세계쇼핑	복합	09:32	정말편한속옷 인견브라팬티 4세트	정말편한속옷 인견브라팬티 4세트	142142700			패션의류	20260708
쇼핑엔티	단순	09:35	[방송에서만 10주분] 김오곤 원장의 한방(One Punch) 다이어트 환	[방송에서만 10주분] 김오곤 원장의 한방(One Punch) 다이어트 환	39501000	리빙/주방	가구/인테리어	식품	20260708
홈앤쇼핑	복합	10:25	[방송에서만] [클로리에] 925 실버 빅볼 목걸이 + 글리터 체인 목걸이 2종세트(구성 1번 구매시 천연 자마노 목걸이) (전고객 925 실버 천연스피넬 팔찌&반지 SET + 브라스 반지 3종)	[방송에서만] [클로리에] 925 실버 빅볼 목걸이 + 글리터 체인 목걸이 2종세트(구성 1번 구매시 천연 자마노 목걸이) (전고객 925 실버 천연스피넬 팔찌&반지 SET + 브라스 반지 3종)	138805000			패션잡화	20260708
현대홈쇼핑	복합	10:25	에바큐브꾸띄르 26SS 쉬폰 가디건	꾸띄르 26SS 쉬폰 가디건	277918000	의류		패션의류	20260708
현대홈쇼핑	복합	10:25	에바큐브꾸띄르 26SS 쉬폰 가디건	실크 캐시미어 파라슈트 가디건	277918000	의류		패션의류	20260708
현대홈쇼핑	복합	10:25	에바큐브꾸띄르 26SS 쉬폰 가디건	린넨블렌디드 롱 원피스 A15C0164-TNV0A1	277918000	의류		패션의류	20260708
현대홈쇼핑	복합	10:25	에바큐브꾸띄르 26SS 쉬폰 가디건	고비 실크캐시미어 세미돌먼 홀가 가디건	277918000	의류		패션의류	20260708
현대홈쇼핑	복합	10:25	에바큐브꾸띄르 26SS 쉬폰 가디건	파이토블락 코엔 삼백초 삼백초추출물 더블구성	0	건강식품		패션의류	20260708
GS홈쇼핑	복합	10:25	하루틴 리포좀 대마종자유 6박스	하루틴 리포좀 대마종자유 6박스	272756000			식품	20260708
롯데홈쇼핑	복합	10:25	[상시가 829,000원]에스까다스포츠 여성 노블리아 롱다운재킷	[상시가 829,000원]에스까다스포츠 여성 노블리아 롱다운재킷	266858000			패션의류	20260708
CJ온스타일	복합	10:25	26SS 프렌치린넨100 아틀리에 셔링 플리츠 블루종	26SS 프렌치린넨100 아틀리에 셔링 플리츠 블루종	632971800			패션의류	20260708
공영쇼핑	복합	10:25	[오렐리안] 26년 풍기인견 스퀘어넥 브라탑 3종 or 끈형 브라탑 3종	[오렐리안] 26년 풍기인견 스퀘어넥 브라탑 3종 or 끈형 브라탑 3종	103236500			패션의류	20260708
NS홈쇼핑	복합	10:30	이시형마그네슘	임성근키로갈비탕	0	일반식품	식품	식품	20260708
NS홈쇼핑	복합	10:30	이시형마그네슘	이시형마그네슘	118958000	건강식품	식품	식품	20260708
NS홈쇼핑	복합	10:30	이시형마그네슘	비에날씬프로	0	건강식품	식품	식품	20260708
SK스토아	단순	10:31	여성 고워크 슬립인스 샌들	여성 고워크 슬립인스 샌들	64053000	잡화/주얼리	스포츠/레저	스포츠/레저	20260708
KT알파쇼핑	단순	10:31	네스트_의료기기	네스트_의료기기	0	미용	화장품/미용	여가/생활편의	20260708
SK스토아	복합	10:31	26SS 컴포트 버뮤다 팬츠 2종	여성 고워크 슬립인스 샌들	12663150	잡화/주얼리	스포츠/레저	패션의류	20260708
SK스토아	복합	10:31	26SS 컴포트 버뮤다 팬츠 2종	26SS 컴포트 버뮤다 팬츠	12663150	의류	패션의류	패션의류	20260708
신세계쇼핑	복합	10:32	★단독!방송에서만★ 랩신 항균 세제 풀세트 	랩신 항균 세제 풀세트	66604200	리빙/주방	생활/건강	생활/건강	20260708
신세계쇼핑	복합	10:32	★단독!방송에서만★ 랩신 항균 세제 풀세트 	박술녀 풍기인견 침구 풀세트	0	언더웨어	가구/인테리어	생활/건강	20260708
쇼핑엔티	단순	10:35	(방송에서만 3통 더) 정호영셰프의 맛좋은 백명란 400g x 5통 + 비빔용 백명란 100g x 3통	(방송에서만 3통 더) 정호영셰프의 맛좋은 백명란 400g x 5통 + 비빔용 백명란 100g x 3통	87892200	일반식품	식품	식품	20260708
CJ온스타일	단순	11:25	[숏딜] 프레쉬 프로텍트 밀폐용기 9종 세트	[숏딜] 프레쉬 프로텍트 밀폐용기 9종 세트	19825300	리빙/주방		생활/건강	20260708
NS홈쇼핑	복합	11:30	비에날씬프로	이시형마그네슘	0	건강식품	식품	식품	20260708
NS홈쇼핑	복합	11:30	비에날씬프로	비에날씬프로	108373000	건강식품	식품	식품	20260708
NS홈쇼핑	복합	11:30	비에날씬프로	코스모파리슈즈	0	잡화/주얼리	패션잡화	식품	20260708
SK스토아	복합	11:31	26SS 프렌치린넨 셔츠 (여성)	26SS 프렌치린넨 셔츠	28489300	의류	패션의류	패션의류	20260708
SK스토아	복합	11:31	26SS 프렌치린넨 셔츠 (여성)	26SS 썸머 에어리재킷	28489300	의류	패션의류	패션의류	20260708
SK스토아	단순	11:31	26SS 썸머 에어리재킷 2종	26SS 썸머 에어리재킷 2종	12651900	의류	패션의류	패션의류	20260708
KT알파쇼핑	복합	11:31	일동후디스_하이뮨	네스트_의료기기	0	가전	여가/생활편의	식품	20260708
KT알파쇼핑	복합	11:31	일동후디스_하이뮨	일동후디스_하이뮨	39999000	건강식품	식품	식품	20260708
KT알파쇼핑	복합	11:31	일동후디스_하이뮨	젬마_이지셋업	0	의류	패션의류	식품	20260708
신세계쇼핑	복합	11:32	[K]★방송에서만★박술녀 풍기인견 침구 풀세트 (26년 최신상)	랩신 항균 세제 풀세트	0	리빙/주방	생활/건강	가구/인테리어	20260708
신세계쇼핑	복합	11:32	[K]★방송에서만★박술녀 풍기인견 침구 풀세트 (26년 최신상)	박술녀 풍기인견 침구 풀세트	47678000	언더웨어	가구/인테리어	가구/인테리어	20260708
공영쇼핑	단순	11:35	[100% 국내산 닭] 든든한끼 삼계탕 1kg x 8팩	[100% 국내산 닭] 든든한끼 삼계탕 1kg x 8팩	113868600	일반식품	식품	식품	20260708
GS홈쇼핑	단순	11:35	[W] 위닉스 제습기 24L_DXWH248-PEK	[W] 위닉스 제습기 24L_DXWH248-PEK	289340000	가전	디지털/가전	디지털/가전	20260708
롯데홈쇼핑	복합	11:35	[루이까또즈] 루이즈 버킷햇(+코튼100 쁘띠스카프)	[루이까또즈] 루이즈 버킷햇(+코튼100 쁘띠스카프)	84302000			패션의류	20260708
CJ온스타일	단순	11:35	[LIVE]라이나 생명 The건강한치아보험V	[LIVE]라이나 생명 The건강한치아보험V	0	보험		여가/생활편의	20260708
쇼핑엔티	복합	11:35	26SS [슈퍼카미트] 여성 레인부츠 + 슬라이드 2종	26SS [슈퍼카미트] 여성 레인부츠 + 슬라이드 2종	48518000			패션잡화	20260708
홈앤쇼핑	복합	11:35	[TV홈쇼핑 단독] 엑소프록실 아줄렌 엑소조메소드 앰플 특가패키지	[TV홈쇼핑 단독] 엑소프록실 아줄렌 엑소조메소드 앰플 특가패키지	37191000			화장품/미용	20260708
NS홈쇼핑	복합	12:30	코스모파리슈즈	비에날씬프로	0	건강식품	식품	패션잡화	20260708
NS홈쇼핑	복합	12:30	코스모파리슈즈	코스모파리슈즈	79678700	잡화/주얼리	패션잡화	패션잡화	20260708
NS홈쇼핑	복합	12:30	코스모파리슈즈	뼈엔MBP	0	건강식품	식품	패션잡화	20260708
SK스토아	복합	12:31	26SS 여성 썸머 린넨 에어리 니트 3종	26SS 여성 썸머 린넨 에어리 니트	10903150	의류	패션의류	패션의류	20260708
SK스토아	복합	12:31	26SS 여성 썸머 린넨 에어리 니트 3종	볼레로 원피스 셋업	10903150	의류	패션의류	패션의류	20260708
SK스토아	단순	12:31	볼레로 원피스 셋업	볼레로 원피스 셋업	55488800	의류	패션의류	패션의류	20260708
KT알파쇼핑	단순	12:32	젬마_이지셋업	젬마_이지셋업	70708300	건강식품	식품	패션의류	20260708
신세계쇼핑	복합	12:33	[론칭가69,900원→2만원↓] 블루핏 슬리브리스 니트탑 3종	[론칭가69,900원→2만원↓] 블루핏 슬리브리스 니트탑 3종	58510700			패션의류	20260708
현대홈쇼핑	복합	12:35	[닥터파이토] 파이토블락 코엔 삼백초 삼백초추출물 (LHF618)  패밀리구성 (12개월분)	파이토블락 코엔 삼백초 삼백초추출물 더블구성	44389000	건강식품		식품	20260708
현대홈쇼핑	복합	12:35	[닥터파이토] 파이토블락 코엔 삼백초 삼백초추출물 (LHF618)  패밀리구성 (12개월분)	코웨이 아이콘3/얼음정수기 렌탈	0	일반렌탈		식품	20260708
GS홈쇼핑	단순	12:35	최신상 도깨비방망이 헤리티지 프리미엄 1995 마스터 무선 핸드블렌더	최신상 도깨비방망이 헤리티지 프리미엄 1995 마스터 무선 핸드블렌더	87431000	가전	디지털/가전	디지털/가전	20260708
쇼핑엔티	단순	12:35	도티 26SS 인견 냉감 볼륨 팬츠 여성 3종 (D6NBW)	도티 26SS 인견 냉감 볼륨 팬츠 여성 3종 (D6NBW)	111910000	의류	패션의류	패션의류	20260708
롯데홈쇼핑	복합	12:35	[에스더포뮬러] ♥방송에서만 본품 2박스 더♥여에스더 키성장 하이 앤 그로우 스틱 Pro 12박스+2박스(15gX14포X14박스)	[에스더포뮬러] ♥방송에서만 본품 2박스 더♥여에스더 키성장 하이 앤 그로우 스틱 Pro 12박스+2박스(15gX14포X14박스)	73996000			식품	20260708
CJ온스타일	복합	12:35	다이브인 프로 저분자 히알루론산 앰플 6병+세럼미스트 1병(리뷰 시 토너1개+화장솜60매)	다이브인 프로 저분자 히알루론산 앰플 6병+세럼미스트 1병(리뷰 시 토너1개+화장솜60매)	52667000			화장품/미용	20260708
공영쇼핑	단순	12:40	[해담]제주 갈치 160g * 15팩 (45토막) + 굴비 700g * 1팩 (10마리)	[해담]제주 갈치 160g * 15팩 (45토막) + 굴비 700g * 1팩 (10마리)	80588500	일반식품	식품	식품	20260708
홈앤쇼핑	복합	12:40	퍼실 엑스퍼트 실내건조 라벤더 맥스 2.5L 3통 + 1.8L 3통 + 2.5L 1통 더 + 퍼울300ml 1 + 브레프1 + 쿨러백1	퍼실 엑스퍼트 실내건조 라벤더 맥스 2.5L 3통 + 1.8L 3통 + 2.5L 1통 더 + 퍼울300ml 1 + 브레프1 + 쿨러백1	94528500			생활/건강	20260708
NS홈쇼핑	복합	13:30	뼈엔MBP	코스모파리슈즈	0	잡화/주얼리	패션잡화	식품	20260708
NS홈쇼핑	복합	13:30	뼈엔MBP	뼈엔MBP	133927000	건강식품	식품	식품	20260708
NS홈쇼핑	복합	13:30	뼈엔MBP	삼성금거래소	0	잡화/주얼리	패션잡화	식품	20260708
홈앤쇼핑	단순	13:30	[대용량 무료체험] 클라이덴 퍼플 더 글로우 실속패키지  (치약 대용량 8+대용량 무료체험1+칫솔2+미백가글1)	[대용량 무료체험] 클라이덴 퍼플 더 글로우 실속패키지  (치약 대용량 8+대용량 무료체험1+칫솔2+미백가글1)	68730000	리빙/주방	생활/건강	생활/건강	20260708
SK스토아	단순	13:31	(방송에서만) 순삭 멀티 전기 압력솥 풀세트 (멀티내솥망+유리뚜껑 포함)	(방송에서만) 순삭 멀티 전기 압력솥 풀세트 (멀티내솥망+유리뚜껑 포함)	50552000	가전	디지털/가전	디지털/가전	20260708
KT알파쇼핑	복합	13:32	로지나_알부민	젬마_이지셋업	0	의류	패션의류	식품	20260708
KT알파쇼핑	복합	13:32	로지나_알부민	로지나_알부민	46956000	건강식품	식품	식품	20260708
신세계쇼핑	복합	13:33	26SS 밀레골프 남성 반팔티셔츠 5종세트 (최종가)	26SS 밀레골프 남성 반팔티셔츠 5종세트	88840990	의류	패션의류	패션의류	20260708
신세계쇼핑	복합	13:33	26SS 밀레골프 남성 반팔티셔츠 5종세트 (최종가)	100프로 제주산 메밀면세트	-790	일반식품	식품	패션의류	20260708
쇼핑엔티	단순	13:34	[리체나 역대 최다용량] 샴푸형 3분염색제 본품으로만!! 10박스+10박스(무료체험 1박스 포함)	[리체나 역대 최다용량] 샴푸형 3분염색제 본품으로만!! 10박스+10박스(무료체험 1박스 포함)	32473600	미용	화장품/미용	화장품/미용	20260708
GS홈쇼핑	복합	13:35	헤르젠 쌀냉장고 AI  CARE PLUS 21KG	헤르젠 쌀냉장고 AI  CARE PLUS 21KG	115676000			디지털/가전	20260708
CJ온스타일	복합	13:35	[최다 11개월] 프로 다이어트 유산균 9개월분+BNR17플러스60포	[최다 11개월] 프로 다이어트 유산균 9개월분+BNR17플러스60포	104198000			식품	20260708
현대홈쇼핑	단순	13:35	[사상 최대사은품][26년 최신상] 코웨이 아이콘3/얼음정수기 렌탈	[사상 최대사은품][26년 최신상] 코웨이 아이콘3/얼음정수기 렌탈	1338073200	일반렌탈		여가/생활편의	20260708
롯데홈쇼핑	복합	13:35	[인디고랩] 인디고랩 26SS 여성 하프 데님 팬츠 2종	[인디고랩] 인디고랩 26SS 여성 하프 데님 팬츠 2종	94551600			패션의류	20260708
공영쇼핑	단순	13:40	26년 햇 신안 유기농 찰보리쌀500g*15봉(7.5kg)	26년 햇 신안 유기농 찰보리쌀500g*15봉(7.5kg)	91450800	일반식품	식품	식품	20260708
홈앤쇼핑	복합	14:20	퓨레어 차량용 탈취제 더블세트+리필5개	퓨레어 차량용 탈취제 더블세트+리필5개	39669400			생활/건강	20260708
현대홈쇼핑	복합	14:30	[무료체험 14일] [더블] 최신상 한경희 BLDC 완전분리 폴딩팬	한경희 BLDC 완전분리 폴딩팬	42175000	가전		디지털/가전	20260708
현대홈쇼핑	복합	14:30	[무료체험 14일] [더블] 최신상 한경희 BLDC 완전분리 폴딩팬	시즈닝 무쇠팬 풀세트	0	리빙/주방		디지털/가전	20260708
NS홈쇼핑	복합	14:30	삼성금거래소	뼈엔MBP	0	건강식품	식품	패션잡화	20260708
NS홈쇼핑	복합	14:30	삼성금거래소	삼성금거래소	112460950	잡화/주얼리	패션잡화	패션잡화	20260708
NS홈쇼핑	복합	14:30	삼성금거래소	오한진백세알부민	0	건강식품	식품	패션잡화	20260708
SK스토아	복합	14:31	(25L)LG 휘센 오브제 제습기 DQ256MWGA + 써큘레이터	LG 휘센 오브제 제습기 DQ256MWGA 써큘레이터	5273500	가전	디지털/가전	디지털/가전	20260708
SK스토아	복합	14:31	(25L)LG 휘센 오브제 제습기 DQ256MWGA + 써큘레이터	26SS 썸머 코튼 플라워 가디건 민소매 셋업	5273500	의류	패션의류	디지털/가전	20260708
SK스토아	단순	14:31	26SS 썸머 코튼 플라워 가디건+민소매 셋업	26SS 썸머 코튼 플라워 가디건+민소매 셋업	33682500	가전	디지털/가전	패션의류	20260708
KT알파쇼핑	복합	14:33	인코드_이지웨어	인코드_이지웨어	35528800	언더웨어	패션의류	패션의류	20260708
KT알파쇼핑	복합	14:33	인코드_이지웨어	종근당건강_알티지오메가3	1397200	건강식품	식품	패션의류	20260708
신세계쇼핑	복합	14:33	[미도원]100프로 제주산 메밀면세트 (메밀면 150g x 13팩 + 냉면육수 350g x 8팩 + 귤림양념장 50g x 5팩)	26SS 밀레골프 남성 반팔티셔츠 5종세트	0	의류	패션의류	식품	20260708
신세계쇼핑	복합	14:33	[미도원]100프로 제주산 메밀면세트 (메밀면 150g x 13팩 + 냉면육수 350g x 8팩 + 귤림양념장 50g x 5팩)	100프로 제주산 메밀면세트	64710900	일반식품	식품	식품	20260708
쇼핑엔티	단순	14:34	(단독/베스트셀러) 26SS 벨리츠 NEW 인견 찰랑팬츠 4종	(단독/베스트셀러) 26SS 벨리츠 NEW 인견 찰랑팬츠 4종	44010000	의류	패션의류	패션의류	20260708
롯데홈쇼핑	단순	14:35	[천생연] 음성농협 천생연 세척사과 3kg x 2박스 (총 6kg)	[천생연] 음성농협 천생연 세척사과 3kg x 2박스 (총 6kg)	51950700	일반식품		식품	20260708
CJ온스타일	복합	14:35	[방송] LG 오브제 워시콤보 스팀 미니워시팩_FH25ESX 베이지 1등급	[방송] LG 오브제 워시콤보 스팀 미니워시팩_FH25ESX 베이지 1등급	107760000			디지털/가전	20260708
GS홈쇼핑	단순	14:35	다이슨 쿨 선풍기 AM07(화이트/실버)	다이슨 쿨 선풍기 AM07(화이트/실버)	144396000	가전	디지털/가전	디지털/가전	20260708
공영쇼핑	단순	14:45	영광 천년초 고추장 굴비 180g X6개	영광 천년초 고추장 굴비 180g X6개	65264300	일반식품	식품	식품	20260708
홈앤쇼핑	단순	15:10	[제주농협][26년수확] 제주 햇 하우스감귤 3kg	[제주농협][26년수확] 제주 햇 하우스감귤 3kg	49656300	일반식품	식품	식품	20260708
CJ온스타일	복합	15:30	[7/8단 하루]황성주 박사의 라이프 밀 8박스+영양식2박스+흔들컵2	[7/8단 하루]황성주 박사의 라이프 밀 8박스+영양식2박스+흔들컵2	80313000			식품	20260708
롯데홈쇼핑	단순	15:30	[덴프스]덴마크 유산균이야기 6병(12개월분) 	[덴프스]덴마크 유산균이야기 6병(12개월분) 	21384000	건강식품		식품	20260708
현대홈쇼핑	복합	15:30	베카 시즈닝 무쇠팬 풀세트 	시즈닝 무쇠팬 풀세트	206217000	리빙/주방		생활/건강	20260708
현대홈쇼핑	복합	15:30	베카 시즈닝 무쇠팬 풀세트 	신한라이프 케어받는 암보험	0	보험		생활/건강	20260708
SK스토아	복합	15:31	26SS 남성 다이얼 썸머 트레킹화(방송에서만 이 가격)	26SS 남성 다이얼 썸머 트레킹화(방송에서만 이 가격)	62167600			스포츠/레저	20260708
쇼핑엔티	단순	15:33	26SS 마담4060 썸머 레이어드 블라우스 3종	26SS 마담4060 썸머 레이어드 블라우스 3종	48655500	의류	패션의류	패션의류	20260708
KT알파쇼핑	단순	15:33	종근당건강_알티지오메가3	종근당건강_알티지오메가3	33642000	건강식품	식품	식품	20260708
신세계쇼핑	복합	15:34	★김용빈 추천 방송에서만★ [데일리] 히트락 올트라이탄 밀폐용기 14개 세트	★김용빈 추천 방송에서만★ [데일리] 히트락 올트라이탄 밀폐용기 14개 세트	81037000			생활/건강	20260708
GS홈쇼핑	복합	15:35	스케쳐스 26SS 최신상 여성용 썸머 베이퍼폼 브리더블 슬립인스 워킹화	스케쳐스 26SS 최신상 여성용 썸머 베이퍼폼 브리더블 슬립인스 워킹화	252771000			스포츠/레저	20260708
공영쇼핑	복합	15:40	몬타요술테이프 2세트 	몬타요술테이프 2세트 	111042400			생활/건강	20260708
NS홈쇼핑	복합	15:40	오한진백세알부민	오한진백세알부민	67725000	건강식품	식품	식품	20260708
NS홈쇼핑	복합	15:40	오한진백세알부민	임성근한우갈비살구이	0	일반식품	식품	식품	20260708
홈앤쇼핑	단순	16:00	안문숙  포기김치 10kg+석박지 1kg 추가	안문숙  포기김치 10kg+석박지 1kg 추가	94881600	일반식품	식품	식품	20260708
KT알파쇼핑	단순	16:13	종근당건강_알티지오메가3	종근당건강_알티지오메가3	12994000	건강식품	식품	식품	20260708
CJ온스타일	복합	16:30	[눈노화+눈피로]아스타잔틴7 루테인지아잔틴 10box	[눈노화+눈피로]아스타잔틴7 루테인지아잔틴 10box	90851000			식품	20260708
현대홈쇼핑	단순	16:30	 신한라이프 케어받는 암보험	 신한라이프 케어받는 암보험	847081815	보험		여가/생활편의	20260708
롯데홈쇼핑	복합	16:30	[닥터블릿] ★방송에서만 반값세일★ 푸응 파비플로라 12박스(440mg x14캡슐x12박스) 	[닥터블릿] ★방송에서만 반값세일★ 푸응 파비플로라 12박스(440mg x14캡슐x12박스) 	44144000			식품	20260708
SK스토아	단순	16:31	살아있는 실의 힘 검정약콩 나또 40팩 | 원산지 : 상품정보 참조	살아있는 실의 힘 검정약콩 나또 40팩 | 원산지 : 상품정보 참조	14970000	일반식품	식품	식품	20260708
SK스토아	단순	16:31	(방송에서만 1팩더 )정호영셰프의 기운센 민물장어구이 150g*7팩+1팩 / 총8팩 | 원산지 : 상품정보 참조	(방송에서만 1팩더 )정호영셰프의 기운센 민물장어구이 150g*7팩+1팩 / 총8팩 | 원산지 : 상품정보 참조	82003100	일반식품	식품	식품	20260708
쇼핑엔티	단순	16:33	우촌본가 맑은 한우소머리곰탕10팩	우촌본가 맑은 한우소머리곰탕10팩	47504800	일반식품	식품	식품	20260708
KT알파쇼핑	복합	16:34	온작_냉동국	온작_냉동국	81097500	일반식품	식품	식품	20260708
KT알파쇼핑	복합	16:34	온작_냉동국	밀레골프_카라티	2844300	의류	패션의류	식품	20260708
신세계쇼핑	복합	16:34	방송에서만) 태극제약 도미나스 트라넥삼산 톤업 기미 선크림 40ml 9개세트 최다구성 	태극제약 도미나스 트라넥삼산 톤업 기미 선크림 9개세트 최다구성	72417000	미용	화장품/미용	화장품/미용	20260708
신세계쇼핑	복합	16:34	방송에서만) 태극제약 도미나스 트라넥삼산 톤업 기미 선크림 40ml 9개세트 최다구성 	특대 제주 은갈치 3마리	0	일반식품	식품	화장품/미용	20260708
GS홈쇼핑	복합	16:35	[최신상] 도미나스 크림 시즌6 VIP 패키지+ 중용량 체험분	[최신상] 도미나스 크림 시즌6 VIP 패키지+ 중용량 체험분	230230000			화장품/미용	20260708
공영쇼핑	단순	16:40	[명진] 손질통오징어 100g×20미 (1팩/2미, 총 10팩)	[명진] 손질통오징어 100g×20미 (1팩/2미, 총 10팩)	115630200	일반식품	식품	식품	20260708
NS홈쇼핑	복합	16:40	임성근한우갈비살구이	임성근한우갈비살구이	189699540	일반식품	식품	식품	20260708
NS홈쇼핑	복합	16:40	임성근한우갈비살구이	임성근포기김치	0	일반식품	식품	식품	20260708
홈앤쇼핑	복합	16:50	[국민영양] 여에스더 PS 포스파티딜세린 10박스(20주분) + 카무트효소1박스	[국민영양] 여에스더 PS 포스파티딜세린 10박스(20주분) + 카무트효소1박스	94340000			식품	20260708
롯데홈쇼핑	단순	17:30	[쿠쿠] 쿠쿠정수기 렌탈	[쿠쿠] 쿠쿠정수기 렌탈	0	일반렌탈		디지털/가전	20260708
CJ온스타일	복합	17:30	비비고 해남재 포기 배추김치 8kg + 비비고 열무김치 1.5kg	비비고 해남재 포기 배추김치 8kg + 비비고 열무김치 1.5kg	80105400			식품	20260708
현대홈쇼핑	단순	17:30	[모두의 맛집] 소문난 원조 조방낙지 낙곱새 8팩 	[모두의 맛집] 소문난 원조 조방낙지 낙곱새 8팩 	137590300	일반식품		식품	20260708
SK스토아	단순	17:31	[방송에서만] 워커힐 닭다리살 직화스테이크 16팩 (허브6+청양6+코코뱅4) | 원산지 : 상품정보 참조	[방송에서만] 워커힐 닭다리살 직화스테이크 16팩 (허브6+청양6+코코뱅4) | 원산지 : 상품정보 참조	51274400	건강식품	식품	식품	20260708
SK스토아	복합	17:31	(건강동행 특집, 방송에서만 핸디선풍기)락토핏 코어맥스 16개월분 + 핸디 냉각선풍기 | 원산지 : 상품정보 참조	락토핏 코어맥스 핸디 냉각선풍기 | 원산지 : 상품정보 참조	1076625	건강식품	식품	식품	20260708
SK스토아	복합	17:31	(건강동행 특집, 방송에서만 핸디선풍기)락토핏 코어맥스 16개월분 + 핸디 냉각선풍기 | 원산지 : 상품정보 참조	워커힐 닭다리살 직화스테이크 16팩 | 원산지 : 상품정보 참조	1076625	일반식품	식품	식품	20260708
SK스토아	복합	17:31	(건강동행 특집, 방송에서만 핸디선풍기)락토핏 코어맥스 16개월분 + 핸디 냉각선풍기 | 원산지 : 상품정보 참조	락토핏 코어맥스 핸디 냉각선풍기 | 원산지 : 상품정보 참조	1076625	건강식품	식품	식품	20260708
SK스토아	복합	17:31	(건강동행 특집, 방송에서만 핸디선풍기)락토핏 코어맥스 16개월분 + 핸디 냉각선풍기 | 원산지 : 상품정보 참조	락토핏 코어맥스 핸디 냉각선풍기 | 원산지 : 상품정보 참조	1076625	건강식품	식품	식품	20260708
SK스토아	복합	17:31	(건강동행 특집, 방송에서만 핸디선풍기)락토핏 코어맥스 16개월분 + 핸디 냉각선풍기 | 원산지 : 상품정보 참조	락토핏 코어맥스 핸디 냉각선풍기 | 원산지 : 상품정보 참조	1076625	건강식품	식품	식품	20260708
SK스토아	복합	17:31	(건강동행 특집, 방송에서만 핸디선풍기)락토핏 코어맥스 16개월분 + 핸디 냉각선풍기 | 원산지 : 상품정보 참조	락토핏 코어맥스 핸디 냉각선풍기 | 원산지 : 상품정보 참조	1076625	건강식품	식품	식품	20260708
SK스토아	복합	17:31	(건강동행 특집, 방송에서만 핸디선풍기)락토핏 코어맥스 16개월분 + 핸디 냉각선풍기 | 원산지 : 상품정보 참조	락토핏 코어맥스 핸디 냉각선풍기 | 원산지 : 상품정보 참조	1076625	건강식품	식품	식품	20260708
SK스토아	복합	17:31	(건강동행 특집, 방송에서만 핸디선풍기)락토핏 코어맥스 16개월분 + 핸디 냉각선풍기 | 원산지 : 상품정보 참조	락토핏 코어맥스 핸디 냉각선풍기 | 원산지 : 상품정보 참조	1076625	건강식품	식품	식품	20260708
쇼핑엔티	복합	17:33	홈앤코튼 시그니 화장지 30롤x4팩(120롤)	홈앤코튼 시그니 화장지 30롤x4팩(120롤)	37716300			생활/건강	20260708
KT알파쇼핑	복합	17:34	밀레골프_카라티(SS)	밀레골프_카라티	85610500	의류	패션의류	패션의류	20260708
KT알파쇼핑	복합	17:34	밀레골프_카라티(SS)	잭필드_여름숨쉬는바지	2548000	일반식품	패션의류	패션의류	20260708
신세계쇼핑	복합	17:34	[제주가마당] 특대 제주 은갈치 3마리(420g x 3팩 / 팩당 4토막)	[제주가마당] 특대 제주 은갈치 3마리(420g x 3팩 / 팩당 4토막)	64002700			식품	20260708
GS홈쇼핑	단순	17:35	방송에서만2세트더  정호영셰프의 신선담은 손질왕낙지 170g x 11팩 + 비법담은 볶음소스 50g x 11팩	방송에서만2세트더  정호영셰프의 신선담은 손질왕낙지 170g x 11팩 + 비법담은 볶음소스 50g x 11팩	244662500	일반식품	식품	식품	20260708
홈앤쇼핑	복합	17:40	최유강 셰프의 불도장 삼계탕 1.2kg x 8팩(총 9.6kg)	최유강 셰프의 불도장 삼계탕 1.2kg x 8팩(총 9.6kg)	100773400			식품	20260708
공영쇼핑	단순	17:40	[이재수명장] 한우소머리곰탕 10팩(6kg)	[이재수명장] 한우소머리곰탕 10팩(6kg)	104458200	일반식품	식품	식품	20260708
NS홈쇼핑	복합	17:40	임성근포기김치	임성근포기김치	110163900	일반식품	식품	식품	20260708
NS홈쇼핑	복합	17:40	임성근포기김치	보랄듀얼헤드선풍기	0	가전	디지털/가전	식품	20260708
롯데홈쇼핑	복합	18:30	[주문1]쁠랑뜨 클렌즈 스무디 4종 18팩(팩당 210ml X 18팩)	[주문1]쁠랑뜨 클렌즈 스무디 4종 18팩(팩당 210ml X 18팩)	57310000			식품	20260708
NS홈쇼핑	복합	18:30	보랄듀얼헤드선풍기	보랄듀얼헤드선풍기	45402000	가전	디지털/가전	디지털/가전	20260708
NS홈쇼핑	복합	18:30	보랄듀얼헤드선풍기	블랑로더립타투	0	미용	화장품/미용	디지털/가전	20260708
현대홈쇼핑	복합	18:30	[더현대적인] 비에날씬 프로 12박스+비에날퀸 1박스+플러스 1박스(10포)+사은품 라쿠진 미니 제습기	비에날씬 프로 비에날퀸 플러스	59155000	건강식품		식품	20260708
현대홈쇼핑	복합	18:30	[더현대적인] 비에날씬 프로 12박스+비에날퀸 1박스+플러스 1박스(10포)+사은품 라쿠진 미니 제습기	보로탈코 벨베티 오리지널 샤워크림 대용량 현대 단독 패키지	0	미용		식품	20260708
현대홈쇼핑	복합	18:30	[더현대적인] 비에날씬 프로 12박스+비에날퀸 1박스+플러스 1박스(10포)+사은품 라쿠진 미니 제습기	올리브오일 수분크림 2병 1병 더	0	미용		식품	20260708
현대홈쇼핑	복합	18:30	[더현대적인] 비에날씬 프로 12박스+비에날퀸 1박스+플러스 1박스(10포)+사은품 라쿠진 미니 제습기	머티리얼랩 26SS 60수 시어코튼 블라우스	0	의류		식품	20260708
현대홈쇼핑	복합	18:30	[더현대적인] 비에날씬 프로 12박스+비에날퀸 1박스+플러스 1박스(10포)+사은품 라쿠진 미니 제습기	보로탈코 벨벳팅 바디크림 썸머 시크릿 구성	0	미용		식품	20260708
CJ온스타일	복합	18:30	선택1)통3중전골+팬2P세트_ELO 쯔비벨무스터 IH 법랑냄비 5종 풀세트	선택1)통3중전골+팬2P세트_ELO 쯔비벨무스터 IH 법랑냄비 5종 풀세트	122368000			생활/건강	20260708
SK스토아	단순	18:31	+[원데이 특집 스킨 최다]보닌 남성 기초 세트(스킨 4병+에멀전 3병+올인원 워시 1개+쇼핑백 2장)	+[원데이 특집 스킨 최다]보닌 남성 기초 세트(스킨 4병+에멀전 3병+올인원 워시 1개+쇼핑백 2장)	55991000	건강식품	화장품/미용	화장품/미용	20260708
쇼핑엔티	단순	18:32	26SS 란체티 냉감 카라티 3종	26SS 란체티 냉감 카라티 3종	44341800	의류	패션의류	패션의류	20260708
KT알파쇼핑	단순	18:34	잭필드_여름숨쉬는바지	잭필드_여름숨쉬는바지	82294200	일반식품	패션의류	패션의류	20260708
GS홈쇼핑	복합	18:35	까스텔바작 26SS 최신상 썸머 에어리 스트레치 우븐 티셔츠 2종 여성용	까스텔바작 26SS 최신상 썸머 에어리 스트레치 우븐 티셔츠 2종 여성용	311270000			스포츠/레저	20260708
신세계쇼핑	복합	18:35	대상 뉴케어 구수한맛 밸런스업 144팩 (총6박스)	대상 뉴케어 구수한맛 밸런스업 144팩	8749950	건강식품	식품	식품	20260708
신세계쇼핑	복합	18:35	대상 뉴케어 구수한맛 밸런스업 144팩 (총6박스)	조선호텔 진한 한우도가니탕 X 5팩	8749950	일반식품	식품	식품	20260708
신세계쇼핑	복합	18:35	[방송에서만] 조선호텔 진한 한우도가니탕 1kg X 5팩(총 15인분)	대상 뉴케어 구수한맛 밸런스업 144팩	27323650	건강식품	식품	식품	20260708
신세계쇼핑	복합	18:35	[방송에서만] 조선호텔 진한 한우도가니탕 1kg X 5팩(총 15인분)	조선호텔 진한 한우도가니탕 X 5팩	27323650	일반식품	식품	식품	20260708
홈앤쇼핑	단순	18:40	[청해진] 완도활전복 특大사이즈 21미 (총 1.68kg 이상)	[청해진] 완도활전복 특大사이즈 21미 (총 1.68kg 이상)	96982500	일반식품	식품	식품	20260708
공영쇼핑	단순	18:40	안동 1920 찰떡 세트 6종 총 105개_시즌2 	안동 1920 찰떡 세트 6종 총 105개_시즌2 	88169400	일반식품	식품	식품	20260708
현대홈쇼핑	복합	19:30	[보로탈코][2026 단한번 방송] 보로탈코 벨베티 오리지널 샤워크림 대용량 현대 단독 패키지	보로탈코 벨베티 오리지널 샤워크림 대용량 현대 단독 패키지	169397125	미용		화장품/미용	20260708
현대홈쇼핑	복합	19:30	[보로탈코][2026 단한번 방송] 보로탈코 벨베티 오리지널 샤워크림 대용량 현대 단독 패키지	올리브오일 수분크림 2병 1병 더	169397125	미용		화장품/미용	20260708
현대홈쇼핑	복합	19:30	[보로탈코][2026 단한번 방송] 보로탈코 벨베티 오리지널 샤워크림 대용량 현대 단독 패키지	머티리얼랩 26SS 60수 시어코튼 블라우스	169397125	의류		화장품/미용	20260708
현대홈쇼핑	복합	19:30	[보로탈코][2026 단한번 방송] 보로탈코 벨베티 오리지널 샤워크림 대용량 현대 단독 패키지	보로탈코 벨벳팅 바디크림 썸머 시크릿 구성	169397125	미용		화장품/미용	20260708
현대홈쇼핑	복합	19:30	[보로탈코][2026 단한번 방송] 보로탈코 벨베티 오리지널 샤워크림 대용량 현대 단독 패키지	받고또받는 암진단/치료 9 1플랜	0	보험		화장품/미용	20260708
NS홈쇼핑	복합	19:30	블랑로더립타투	블랑로더립타투	245422420	미용	화장품/미용	화장품/미용	20260708
NS홈쇼핑	복합	19:30	블랑로더립타투	윤방부넘버원PS	0	일반식품	식품	화장품/미용	20260708
SK스토아	단순	19:31	참좋은운전자 한문철변호사플랜(페이환급)(날개없는선풍기)	참좋은운전자 한문철변호사플랜(페이환급)(날개없는선풍기)	0	가전	여가/생활편의	여가/생활편의	20260708
쇼핑엔티	단순	19:33	라이나생명 (무)새로담는간편건강보험(해약환급금미지급형_갱신형)(신세계상품권 3만원)	라이나생명 (무)새로담는간편건강보험(해약환급금미지급형_갱신형)(신세계상품권 3만원)	0	보험	여가/생활편의	여가/생활편의	20260708
KT알파쇼핑	복합	19:34	BOB_샌들	BOB_샌들	159343000	잡화/주얼리	패션잡화	패션잡화	20260708
KT알파쇼핑	복합	19:34	BOB_샌들	한샘인테리어_시공	0	일반식품	여가/생활편의	패션잡화	20260708
롯데홈쇼핑	복합	19:35	[위바이옴] ★[유리네 특집][9+3개월] NEW 두뇌엔 닥터 PS 맥스 9+3개월 (2g*30포*12박스)	[위바이옴] ★[유리네 특집][9+3개월] NEW 두뇌엔 닥터 PS 맥스 9+3개월 (2g*30포*12박스)	173320000			식품	20260708
홈앤쇼핑	복합	19:35	[방송에서만][오모떼] 텐션업 썸머 라이크라 레이스 브라팬티 5세트(총10종)	[방송에서만][오모떼] 텐션업 썸머 라이크라 레이스 브라팬티 5세트(총10종)	293370300			패션의류	20260708
CJ온스타일	복합	19:35	최초/최대용량 찬스] 폰타나 콘타리니 팩트 나수진패키지 (본품2/리필2/퍼프2) + 포토리뷰시 리필 2개/에코백 1개	최초/최대용량 찬스] 폰타나 콘타리니 팩트 나수진패키지 (본품2/리필2/퍼프2) + 포토리뷰시 리필 2개/에코백 1개	147103000			화장품/미용	20260708
GS홈쇼핑	복합	19:35	뉴트리코어 관절엔 난각막 DEM 6박스(6개월분)	뉴트리코어 관절엔 난각막 DEM 6박스(6개월분)	275496000			식품	20260708
신세계쇼핑	복합	19:35	[신라밸] 퍼실 26 New 딥클린 파워 라벤더 맥스 2L x 4개+1.8L x 4팩+라벤더젤 300ML X 1개+프릴 700ML+26cm 프라이팬 1개+쿨러백 (일반&드럼 겸용)	퍼실 26 New 딥클린 파워 라벤더 맥스 x x 4팩 라벤더젤 X 프릴 26cm 프라이팬 쿨러백	185755800	잡화/주얼리	생활/건강	생활/건강	20260708
신세계쇼핑	복합	19:35	[신라밸] 퍼실 26 New 딥클린 파워 라벤더 맥스 2L x 4개+1.8L x 4팩+라벤더젤 300ML X 1개+프릴 700ML+26cm 프라이팬 1개+쿨러백 (일반&드럼 겸용)	송월 시그니처 더블 스트라이프 코튼 타월 10장 10장 세트	0	언더웨어	생활/건강	생활/건강	20260708
신세계쇼핑	복합	19:35	[신라밸] 퍼실 26 New 딥클린 파워 라벤더 맥스 2L x 4개+1.8L x 4팩+라벤더젤 300ML X 1개+프릴 700ML+26cm 프라이팬 1개+쿨러백 (일반&드럼 겸용)	26년 남성 네파 이젠벅 썸머 트레킹 슈즈	0	의류	스포츠/레저	생활/건강	20260708
공영쇼핑	복합	19:40	[나코자요] 폴딩 접이식 3 in 1 매트리스 퀸+보관커버 	[나코자요] 폴딩 접이식 3 in 1 매트리스 퀸+보관커버 	141354000			가구/인테리어	20260708
SK스토아	복합	20:31	★방송에서만★제니스 루미에르 침대 라지킹(LK)-냉감침구세트	제니스 루미에르 침대 라지킹-냉감침구세트	84818750	리빙/주방	가구/인테리어	가구/인테리어	20260708
SK스토아	복합	20:31	★방송에서만★제니스 루미에르 침대 라지킹(LK)-냉감침구세트	제니스 루미에르 침대 라지킹-냉감침구세트	84818750	리빙/주방	가구/인테리어	가구/인테리어	20260708
SK스토아	복합	20:31	★방송에서만★제니스 루미에르 침대 라지킹(LK)-냉감침구세트	제니스 루미에르 침대 라지킹-냉감침구세트	84818750	리빙/주방	가구/인테리어	가구/인테리어	20260708
SK스토아	복합	20:31	★방송에서만★제니스 루미에르 침대 라지킹(LK)-냉감침구세트	제니스 루미에르 침대 라지킹-냉감침구세트	84818750	리빙/주방	가구/인테리어	가구/인테리어	20260708
쇼핑엔티	단순	20:33	[상담예약]바디프랜드NEW팔콘	[상담예약]바디프랜드NEW팔콘	0	일반렌탈	여가/생활편의	여가/생활편의	20260708
신세계쇼핑	복합	20:35	송월 시그니처 더블 스트라이프 코튼 타월 10장+10장 세트	송월 시그니처 더블 스트라이프 코튼 타월 10장 10장 세트	82543950	언더웨어	생활/건강	생활/건강	20260708
신세계쇼핑	복합	20:35	송월 시그니처 더블 스트라이프 코튼 타월 10장+10장 세트	26년 남성 네파 이젠벅 썸머 트레킹 슈즈	82543950	의류	스포츠/레저	생활/건강	20260708
NS홈쇼핑	복합	20:35	윤방부넘버원PS	윤방부넘버원PS	107163000	일반식품	식품	식품	20260708
NS홈쇼핑	복합	20:35	윤방부넘버원PS	침향오일	0	일반식품	식품	식품	20260708
신세계쇼핑	복합	20:35	26년] 남성 네파 이젠벅 썸머 트레킹 슈즈	송월 시그니처 더블 스트라이프 코튼 타월 10장 10장 세트	16785500	언더웨어	생활/건강	스포츠/레저	20260708
신세계쇼핑	복합	20:35	26년] 남성 네파 이젠벅 썸머 트레킹 슈즈	26년 남성 네파 이젠벅 썸머 트레킹 슈즈	16785500	의류	스포츠/레저	스포츠/레저	20260708
KT알파쇼핑	단순	20:35	한샘인테리어_시공	한샘인테리어_시공	0	일반식품	여가/생활편의	여가/생활편의	20260708
공영쇼핑	복합	20:40	해남 땅끝마을 포기김치9kg+총각김치2kg+보리열무김치1kg(총12kg)	해남 땅끝마을 포기김치9kg+총각김치2kg+보리열무김치1kg(총12kg)	227508300			식품	20260708
GS홈쇼핑	복합	20:45	L)카사베르디 와인비니거3	L)카사베르디 와인비니거3	237722000			식품	20260708
CJ온스타일	복합	20:45	[최화정쇼Pick]워커힐호텔 토종닭 백숙 5팩 + 누룽지 5팩 (총 10인분)	[최화정쇼Pick]워커힐호텔 토종닭 백숙 5팩 + 누룽지 5팩 (총 10인분)	1393512700			패션잡화	20260708
롯데홈쇼핑	복합	20:45	[이엘다이아몬드] 18K 골드 랩다이아몬드 2캐럿 솔리테어 목걸이 + IGI 감정서 + 18K 럭키빈 펜던트 목걸이 + 18K 골든볼 천연석 목걸이 + 18K 골든볼 천연석 팔찌	[이엘다이아몬드] 18K 골드 랩다이아몬드 2캐럿 솔리테어 목걸이 + IGI 감정서 + 18K 럭키빈 펜던트 목걸이 + 18K 골든볼 천연석 목걸이 + 18K 골든볼 천연석 팔찌	751733000			패션잡화	20260708
홈앤쇼핑	복합	20:45	(방송에서만 이혜택) 로보락 로봇청소기 Q revo C PRO	(방송에서만 이혜택) 로보락 로봇청소기 Q revo C PRO	486370000			디지털/가전	20260708
SK스토아	단순	21:31	26SS 라코스테 정품 울트라드라이 브라팬티 패키지	26SS 라코스테 정품 울트라드라이 브라팬티 패키지	128511000	언더웨어	패션의류	패션의류	20260708
SK스토아	단순	21:31	(최다구성) 퍼펙트핏 밀착 거들팬티 11종 패키지	(최다구성) 퍼펙트핏 밀착 거들팬티 11종 패키지	41870100	언더웨어	패션의류	패션의류	20260708
쇼핑엔티	단순	21:34	[하나투어] 다낭/호이안 5일(NO선택관광+멜리아비치 리조트+씨뷰객실+200불 상당 유료관광 포함)	[하나투어] 다낭/호이안 5일(NO선택관광+멜리아비치 리조트+씨뷰객실+200불 상당 유료관광 포함)	0	여행	여가/생활편의	여가/생활편의	20260708
KT알파쇼핑	복합	21:35	신미사_자세교정운동화(바로워크)	신미사_자세교정운동화	589258000	일반식품	생활/건강	생활/건강	20260708
KT알파쇼핑	복합	21:35	신미사_자세교정운동화(바로워크)	투어트리_울릉도여행	20473000	여행	여가/생활편의	생활/건강	20260708
신세계쇼핑	복합	21:36	방송에서만] 엑소프록실 광채 크림앰플 더블구성 	방송에서만] 엑소프록실 광채 크림앰플 더블구성 	78972900			화장품/미용	20260708
NS홈쇼핑	복합	21:40	침향오일	침향오일	77916000	일반식품	식품	식품	20260708
NS홈쇼핑	복합	21:40	침향오일	갈비살구이	0	일반식품	식품	식품	20260708
롯데홈쇼핑	복합	21:45	[트루릴리전] ■ 트루릴리전 26SS 여성 데님 하프 셋업 2종	[트루릴리전] ■ 트루릴리전 26SS 여성 데님 하프 셋업 2종	478329000			패션의류	20260708
홈앤쇼핑	복합	21:45	[SALE/라지킹 냉감토퍼풀세트]26년형 알러셀 에어쿨링 냉감  매트리스형 토퍼2+냉감베개2	[SALE/라지킹 냉감토퍼풀세트]26년형 알러셀 에어쿨링 냉감  매트리스형 토퍼2+냉감베개2	248399900			가구/인테리어	20260708
현대홈쇼핑	단순	21:45	삼성화재 받고또받는 암진단/치료 9+1플랜 (건강보험 천만안심)	삼성화재 받고또받는 암진단/치료 9+1플랜 (건강보험 천만안심)	2442930700	보험		여가/생활편의	20260708
GS홈쇼핑	복합	21:45	[7월단한번]달바 엑소세럼 160ml*4+60ml*2+카밍패드 / 2년만의 최신상	[7월단한번]달바 엑소세럼 160ml*4+60ml*2+카밍패드 / 2년만의 최신상	197208700			화장품/미용	20260708
공영쇼핑	복합	21:45	[가족] 경북 보조개사과(부사) 5kg	[가족] 경북 보조개사과(부사) 5kg	194258300			식품	20260708
SK스토아	단순	22:31	[상담예약]오사카/나라/교토 3일 or 4일 ★유니버설 선택가능★	[상담예약]오사카/나라/교토 3일 or 4일 ★유니버설 선택가능★	0	여행	여가/생활편의	여가/생활편의	20260708
SK스토아	단순	22:31	[채널1]또걸려도또받는 간편한암보험(스텐냄비6종)	[채널1]또걸려도또받는 간편한암보험(스텐냄비6종)	0	여행	여가/생활편의	여가/생활편의	20260708
쇼핑엔티	단순	22:33	[100만원세일]코지마 안마의자 데코르 CMC-A35	[100만원세일]코지마 안마의자 데코르 CMC-A35	53460000	가전	디지털/가전	디지털/가전	20260708
KT알파쇼핑	단순	22:35	투어트리_울릉도여행	투어트리_울릉도여행	0	여행	여가/생활편의	여가/생활편의	20260708
신세계쇼핑	복합	22:36	[웅니버스]장민호PICK! 13캔 최다구성! 하이뮨 산앙초유 프로틴밸런스 면역케어 12캔+1캔 더!	[웅니버스]장민호PICK! 13캔 최다구성! 하이뮨 산앙초유 프로틴밸런스 면역케어 12캔+1캔 더!	65034000			식품	20260708
NS홈쇼핑	복합	22:45	갈비살구이	갈비살구이	212704900	일반식품	식품	식품	20260708
NS홈쇼핑	복합	22:45	갈비살구이	세라젬	0	일반렌탈	여가/생활편의	식품	20260708
공영쇼핑	단순	22:50	★강순의 도가니탕★ 11팩 (8.8kg)	★강순의 도가니탕★ 11팩 (8.8kg)	109930500	일반식품	식품	식품	20260708
홈앤쇼핑	단순	22:55	(전고객 분말소화기 증정) 한문철 급발진 블랙박스 드림아이 3X-Q, 128G	(전고객 분말소화기 증정) 한문철 급발진 블랙박스 드림아이 3X-Q, 128G	90405000	건강식품	디지털/가전	디지털/가전	20260708
현대홈쇼핑	복합	22:55	[방송에서만 3종 4만원대] [PEOPLE OF THE WORLD] 멜란지 로고아트웍 티셔츠 3종 모두(그레이+핑크+블루)	멜란지 로고아트웍 티셔츠 모두	295179000	의류		패션의류	20260708
현대홈쇼핑	복합	22:55	[방송에서만 3종 4만원대] [PEOPLE OF THE WORLD] 멜란지 로고아트웍 티셔츠 3종 모두(그레이+핑크+블루)	더마 스킨 에끌라 팩트 스페셜구성	0	미용		패션의류	20260708
CJ온스타일	단순	22:55	[무료시공]스마트 싱크볼 수전 풀패키지	[무료시공]스마트 싱크볼 수전 풀패키지	246510000	리빙/주방		가구/인테리어	20260708
GS홈쇼핑	복합	22:55	클랍 브라이트닝 트리플액션 앰플 시크릿 패키지	클랍 브라이트닝 트리플액션 앰플 시크릿 패키지	100403000			화장품/미용	20260708
롯데홈쇼핑	복합	22:55	[까사무띠] ★이가격최초★ 희트팩 부케 4인조 28P	[까사무띠] ★이가격최초★ 희트팩 부케 4인조 28P	137822000			생활/건강	20260708
SK스토아	복합	23:31	+[믿쓰진]AGE20S 앰플 에센스 팩트 다이아 물광샷 아이스 기본 패키지(퍼플*1+실버*1+리필*3+메쉬백*1)	실버 빅 볼 목걸이 글리터 목걸이 세트	1046889	잡화/주얼리	패션잡화	화장품/미용	20260708
SK스토아	복합	23:31	+[믿쓰진]AGE20S 앰플 에센스 팩트 다이아 물광샷 아이스 기본 패키지(퍼플*1+실버*1+리필*3+메쉬백*1)	실버 빅 볼 목걸이 글리터 목걸이 세트	1046889	잡화/주얼리	패션잡화	화장품/미용	20260708
SK스토아	복합	23:31	+[믿쓰진]AGE20S 앰플 에센스 팩트 다이아 물광샷 아이스 기본 패키지(퍼플*1+실버*1+리필*3+메쉬백*1)	실버 빅 볼 목걸이 글리터 목걸이 세트	1046889	잡화/주얼리	패션잡화	화장품/미용	20260708
SK스토아	복합	23:31	+[믿쓰진]AGE20S 앰플 에센스 팩트 다이아 물광샷 아이스 기본 패키지(퍼플*1+실버*1+리필*3+메쉬백*1)	AGE20S 앰플 에센스 팩트 다이아 물광샷 아이스 기본 패키지	1046889	미용	화장품/미용	화장품/미용	20260708
SK스토아	복합	23:31	+[믿쓰진]AGE20S 앰플 에센스 팩트 다이아 물광샷 아이스 기본 패키지(퍼플*1+실버*1+리필*3+메쉬백*1)	실버 빅 볼 목걸이 글리터 목걸이 세트	1046889	잡화/주얼리	패션잡화	화장품/미용	20260708
SK스토아	복합	23:31	+[믿쓰진]AGE20S 앰플 에센스 팩트 다이아 물광샷 아이스 기본 패키지(퍼플*1+실버*1+리필*3+메쉬백*1)	실버 빅 볼 목걸이 글리터 목걸이 세트	1046889	잡화/주얼리	패션잡화	화장품/미용	20260708
SK스토아	복합	23:31	+[믿쓰진]AGE20S 앰플 에센스 팩트 다이아 물광샷 아이스 기본 패키지(퍼플*1+실버*1+리필*3+메쉬백*1)	더든든우리집행복지킴이	1046889	가전	여가/생활편의	화장품/미용	20260708
SK스토아	복합	23:31	+[믿쓰진]AGE20S 앰플 에센스 팩트 다이아 물광샷 아이스 기본 패키지(퍼플*1+실버*1+리필*3+메쉬백*1)	AGE20S 앰플 에센스 팩트 다이아 물광샷 아이스 기본 패키지	1046889	미용	화장품/미용	화장품/미용	20260708
SK스토아	복합	23:31	+[믿쓰진]AGE20S 앰플 에센스 팩트 다이아 물광샷 아이스 기본 패키지(퍼플*1+실버*1+리필*3+메쉬백*1)	실버 빅 볼 목걸이 글리터 목걸이 세트	1046889	잡화/주얼리	패션잡화	화장품/미용	20260708
쇼핑엔티	단순	23:33	[명품언니 패키지]리더스 아이백 크림 20ml * 5개+ 상품평 시 전고객 아이 리프팅 괄사	[명품언니 패키지]리더스 아이백 크림 20ml * 5개+ 상품평 시 전고객 아이 리프팅 괄사	25641000	미용	화장품/미용	화장품/미용	20260708
KT알파쇼핑	단순	23:35	청호나이스_정수기	청호나이스_정수기	0	일반렌탈	여가/생활편의	여가/생활편의	20260708
신세계쇼핑	복합	23:37	[신세계단독] 게스(GUESS) 썸머 5부 팬츠(남여공용) 4종	[신세계단독] 게스(GUESS) 썸머 5부 팬츠(남여공용) 4종	31790900			패션의류	20260708
공영쇼핑	단순	23:50	[렌탈] 휴렉 지니 음식물처리기(26년 모델명 변경)_260708	[렌탈] 휴렉 지니 음식물처리기(26년 모델명 변경)_260708	0	가전	여가/생활편의	여가/생활편의	20260708
CJ온스타일	단순	23:55	[방송중 상담만 받아도 혜택]신한 라이프 케어받는 암보험	[방송중 상담만 받아도 혜택]신한 라이프 케어받는 암보험	0	보험		여가/생활편의	20260708
현대홈쇼핑	복합	23:55	세인트프랑 더마 스킨 에끌라 팩트 스페셜구성	세인트프랑 더마 스킨 에끌라 팩트 스페셜구성	85987750			화장품/미용	20260708
롯데홈쇼핑	복합	23:55	[소티스] ♥조윤주패키지♥ 프랑스 직수입 소티스 바이알 앰플 330병(10박스+1박스)	[소티스] ♥조윤주패키지♥ 프랑스 직수입 소티스 바이알 앰플 330병(10박스+1박스)	130308000			화장품/미용	20260708
NS홈쇼핑	복합	23:55	세라젬	세라젬	0			여가/생활편의	20260708
홈앤쇼핑	복합	23:55	[렌탈] 바디프랜드 의료기기 메디컬시리즈(메디컬팬텀로봇/파라오)	[렌탈] 바디프랜드 의료기기 메디컬시리즈(메디컬팬텀로봇/파라오)	0			여가/생활편의	20260708
GS홈쇼핑	복합	23:55	르네크루 26SS 튤 레이어드 자스민 팬츠 [런칭 가격 69,900원]	르네크루 26SS 튤 레이어드 자스민 팬츠 [런칭 가격 69,900원]	248701600			패션의류	20260708
