channel	date	broadcast_start	broadcast_end	duration_min	pgm_title	brand	item_name	type	item_start	item_end	item_duration_min	sales_amt	category	lavangba_category	price	link
SK스토아	20260702	00:31	01:31	60	[닥터오기덤] [방송에서만] 닥터오기덤 앰플 인 마스크팩 100매	닥터오기덤	[닥터오기덤] [방송에서만] 닥터오기덤 앰플 인 마스크팩 100매	단순	00:31	01:31	60	8433100	미용	화장품/미용	49900	https://www.skstoa.com/display/goods/63124793
SK스토아	20260702	00:31	01:31	60	+[믿쓰진][믿쓰진 패키지]단백질 앰플 최대 용량(35ml*6+10ml*2+무체*1+리프트볼*1+미스트 80ml*1)	단백질	+[믿쓰진][믿쓰진 패키지]단백질 앰플 최대 용량(35ml*6+10ml*2+무체*1+리프트볼*1+미스트 80ml*1)	단순	00:31	01:31	60	11240000	미용	화장품/미용	159000	https://www.skstoa.com/display/goods/65588838
쇼핑엔티	20260702	00:32	01:32	60	라이나생명 (무)새로담는간편건강보험(해약환급금미지급형_갱신형)	라이나생명	라이나생명 (무)새로담는간편건강보험(해약환급금미지급형_갱신형)	단순	00:32	01:32	60	0	보험	여가/생활편의	0	https://www.shoppingntmall.com/display/goods/28403851
KT알파쇼핑	20260702	00:34	01:38	64	엘레강스스포츠_티셔츠	엘레강스스포츠	엘레강스스포츠_티셔츠	단순	00:34	01:38	64	12985000	의류	패션의류	49000	https://m.kshop.co.kr/display/product/10014290
신세계쇼핑	20260702	00:37	01:38	61	기라로쉬 26썸머 프리미엄 울 린넨 실크 블렌디드 자켓 1종(입고)	기라로쉬	기라로쉬 26썸머 프리미엄 울 린넨 실크 블렌디드 자켓 1종(입고)	단순	00:37	01:38	61	28533000	의류	패션의류	109000	https://www.shinsegaetvshopping.com/display/detail/1002209579
GS홈쇼핑 마이샵	20260702	00:38	01:39	61	온작 이영자의 뼈없는갈비탕 600g X 10팩	온작	온작 이영자의 뼈없는갈비탕 600g X 10팩	단순	00:38	01:39	61	20605600		식품	59900	https://www.gsshop.com/prd/prd.gs?prdid=1109678157&brddate=20260702003800&pgmID=6997&ordChannel=WE&tveshop=Y
롯데원티비	20260702	00:40	01:20	40	[LBL] ○26 SUMMER 호주코튼100 뷔스티에 티셔츠 2종	○26	[LBL] ○26 SUMMER 호주코튼100 뷔스티에 티셔츠 2종	복합	00:40	01:20	40	14678000		패션의류	69900	https://www.lotteimall.com/goods/viewGoodsDetail.lotte?goods_no=12900943
NS홈쇼핑 샵플러스	20260702	00:42	01:45	63	임성근내장탕1	임성근의	임성근내장탕1	단순	00:42	01:45	63	19870200		식품	39900	https://m.nsmall.com/goods/36000241
CJ온스타일 플러스	20260702	00:45	01:45	60	[최초가 89,900원] 26SS 유넥 플레어 티블라우스 5종	26SS	[최초가 89,900원] 26SS 유넥 플레어 티블라우스 5종	단순	00:45	01:45	60	46295500		패션의류	59900	https://display.cjonstyle.com/p/item/2083421295
CJ온스타일	20260702	01:00	01:30	30	고소틴 단백질 8박스(56회분) + 보틀 1개	링티	고소틴 단백질 8박스(56회분) + 보틀 1개	단순	01:00	01:30	30	9945000	건강식품	식품	109000	https://display.cjonstyle.com/p/item/2031472180?channelCode=30002002
현대홈쇼핑	20260702	01:00	01:50	50	프리마클라쎄 로고 프린트 윈드브레이커 1종	프리마클라쎄	프리마클라쎄 로고 프린트 윈드브레이커 1종	단순	01:00	01:50	50	97717000	의류	패션의류	149000	https://www.hmall.com/md/pda/itemPtc?slitmCd=2249600435&preview=true
롯데홈쇼핑	20260702	01:00	02:00	60	[엠유스포츠] 26SS 여성 반팔 라운드 니트 2종 	엠유스포츠	[엠유스포츠] 26SS 여성 반팔 라운드 니트 2종 	단순	01:00	02:00	60	20524000	의류	패션의류	79000	https://www.lotteimall.com/goods/viewGoodsDetail.lotte?goods_no=12897914
GS홈쇼핑	20260702	01:00	02:00	60	(무)흥국생명다사랑암보험	흥국생명	(무)흥국생명다사랑암보험	단순	01:00	02:00	60	0	보험		None	None
홈앤쇼핑	20260702	01:00	02:00	60	[라지킹 풀패키지]1등매장/ 방송에서만 26년형 에어룸 수면냉감 쿨드론 기능성 7종	에어룸	[라지킹 풀패키지]1등매장/ 방송에서만 26년형 에어룸 수면냉감 쿨드론 기능성 7종	단순	01:00	02:00	60	30097200	리빙/주방	생활/건강	159900	http://www.hnsmall.com/display/goods.do?goods_code=80461852
공영쇼핑	20260702	01:00	01:55	55	순살붉은대게 50g×15팩	순살붉은대게	순살붉은대게 50g×15팩	단순	01:00	01:55	55	31496600	일반식품	식품	49900	https://www.gongyoungshop.kr/goods/selectGoodsDetail.do?prdId=11929337
NS홈쇼핑	20260702	01:00	02:01	61	히트상품 앵콜방송1부	이시형	히트상품 앵콜방송1부	단순	01:00	02:01	61	55242000	일반식품	생활/건강	279000	https://m.nsmall.com/goods/36026299
현대홈쇼핑 플러스샵	20260702	01:20	01:40	20	알파CD 원데이핏 알파시클로덱스트린 난소화성말토덱스트린 14포 6+6박스 총 168포	알파CD	알파CD 원데이핏 알파시클로덱스트린 난소화성말토덱스트린 14포 6+6박스 총 168포	단순	01:20	01:40	20	4206700		식품	54900	https://www.hmall.com/md/pda/itemPtc?slitmCd=2239438244
롯데원티비	20260702	01:20	02:00	40	[바이브리짓] ○[바이브리짓X슈퍼띵스] 26SS 썸머 그래픽 티셔츠 4종 	바이브리짓	[바이브리짓] ○[바이브리짓X슈퍼띵스] 26SS 썸머 그래픽 티셔츠 4종 	단순	01:20	02:00	40	4763600		패션의류	69900	https://www.lotteimall.com/goods/viewGoodsDetail.lotte?goods_no=12908421
CJ온스타일	20260702	01:30	02:35	65	[무엘올리바] 스페인 엑스트라버진 올리브오일 500ml 5병	뮤엘올리바	[무엘올리바] 스페인 엑스트라버진 올리브오일 500ml 5병	단순	01:30	02:35	65	39893400	일반식품	식품	105000	https://display.cjonstyle.com/p/item/2083808605?channelCode=30002002
쇼핑엔티	20260702	01:31	02:32	61	[방송에서만 바질햄치즈 4팩 더] 베키아에누보 치아바타 샌드위치 총 24개(바질모짜3+바질토마토9+올리브치아바타8+바질햄치즈4)	베키아에누보	[방송에서만 바질햄치즈 4팩 더] 베키아에누보 치아바타 샌드위치 총 24개(바질모짜3+바질토마토9+올리브치아바타8+바질햄치즈4)	단순	01:31	02:32	61	15094800	일반식품	식품	59900	https://www.shoppingntmall.com/display/goods/27982993
SK스토아	20260702	01:31	02:11	40	(최대용량)(심야)에코센스 히트락 올트라이탄 밀폐용기 14종	에코센스	(최대용량)(심야)에코센스 히트락 올트라이탄 밀폐용기 14종	단순	01:31	02:11	40	11411400	리빙/주방	생활/건강	79800	https://www.skstoa.com/display/goods/61030161
KT알파쇼핑	20260702	01:34	02:38	64	DB손해보험_운전자보험	DB손해보험	DB손해보험_운전자보험	단순	01:34	02:38	64	0	보험	여가/생활편의	0	https://m.kshop.co.kr/display/product/9674795
신세계쇼핑	20260702	01:38	02:39	61	[론칭가 79,900원→2만원↓] 블루핏 26SS 에어로 팬츠 3종	블루핏	[론칭가 79,900원→2만원↓] 블루핏 26SS 에어로 팬츠 3종	단순	01:38	02:39	61	20613900	의류	패션의류	59900	https://www.shinsegaetvshopping.com/display/detail/20071384
GS홈쇼핑 마이샵	20260702	01:39	01:50	11	르까프 26SS 최신상 남성 썸머 이지 조거팬츠 4종	르까프	르까프 26SS 최신상 남성 썸머 이지 조거팬츠 4종	단순	01:39	01:50	11	472000		패션의류	59000	https://www.gsshop.com/prd/prd.gs?prdid=1126815568&brddate=20260714045500&pgmID=12502&ordChannel=WE&tveshop=Y
현대홈쇼핑 플러스샵	20260702	01:40	02:20	40	[무이자60개월] LG QNED AI TV 85형 [85QNED70BKA] (사은품 : LG 사운드바)	LG	[무이자60개월] LG QNED AI TV 85형 [85QNED70BKA] (사은품 : LG 사운드바)	단순	01:40	02:20	40	4370000		디지털/가전	4370000	https://www.hmall.com/md/pda/itemPtc?slitmCd=2249510829
NS홈쇼핑 샵플러스	20260702	01:42	02:01	19	오뗄닭다리살스테이크1	오뗄	오뗄닭다리살스테이크1	단순	01:42	02:01	19	2713200		식품	39900	https://m.nsmall.com/goods/35559537
CJ온스타일 플러스	20260702	01:45	01:55	10	26SS 여성 스케치클라우드 워킹화	26SS	26SS 여성 스케치클라우드 워킹화	단순	01:45	01:55	10	258000		패션잡화	129000	https://display.cjonstyle.com/p/item/2084578657
현대홈쇼핑	20260702	01:50	02:40	50	어드림오브씨드 26SS 코튼테리 셋업	어드림오브씨드	어드림오브씨드 26SS 코튼테리 셋업	단순	01:50	02:40	50	105404800	의류	패션의류	149000	https://www.hmall.com/md/pda/itemPtc?slitmCd=2250572980&preview=true
GS홈쇼핑 마이샵	20260702	01:50	02:10	20	[특가] 피트인 인견브라 원피스 3종	피트인	[특가] 피트인 인견브라 원피스 3종	단순	01:50	02:10	20	4141700		패션의류	49900	https://www.gsshop.com/prd/prd.gs?prdid=1117366360&brddate=20260712003800&pgmID=6753&ordChannel=WE&tveshop=Y
CJ온스타일 플러스	20260702	01:55	02:05	10	925실버 이태리 트위스트 볼 2줄 목걸이	925실버	925실버 이태리 트위스트 볼 2줄 목걸이	단순	01:55	02:05	10	478000		패션잡화	299000	https://display.cjonstyle.com/p/item/2087664407
공영쇼핑	20260702	01:55	02:50	55	[품애복] 1등급 무항생제 오리로스 14팩 (총 2.1kg)	1등급	[품애복] 1등급 무항생제 오리로스 14팩 (총 2.1kg)	단순	01:55	02:50	55	17396400	일반식품	식품	39900	https://www.gongyoungshop.kr/goods/selectGoodsDetail.do?prdId=11805870
GS홈쇼핑	20260702	02:00	03:00	60	[나에게맞는맞춤설계] FM에셋 무료보험상담	FM에셋	[나에게맞는맞춤설계] FM에셋 무료보험상담	단순	02:00	03:00	60	0	보험		None	None
NS홈쇼핑 샵플러스	20260702	02:00	02:22	22	오뗄닭다리살스테이크2	오뗄	오뗄닭다리살스테이크2	단순	02:00	02:22	22	6663300		식품	39900	https://m.nsmall.com/goods/35559537
롯데홈쇼핑	20260702	02:00	02:30	30	[데일리아이디어] (싱글)셰프터치 가정용 요리용 토치 + 보관가방 + 충전 어답터(3종)	데일리아이디어	[데일리아이디어] (싱글)셰프터치 가정용 요리용 토치 + 보관가방 + 충전 어답터(3종)	단순	02:00	02:30	30	5594800	문화/스포츠	스포츠/레저	39400	https://www.lotteimall.com/goods/viewGoodsDetail.lotte?goods_no=12900427
NS홈쇼핑	20260702	02:00	02:41	41	히트상품 앵콜방송 2부	히트상품	히트상품 앵콜방송 2부	단순	02:00	02:41	41	14059500	일반식품	식품	57900	https://m.nsmall.com/goods/35847998
홈앤쇼핑	20260702	02:00	03:00	60	디마떼오 피자 4종/20팩(감자베이컨,디아볼라,고르곤졸라,바질콤비네이션)	디마떼오	디마떼오 피자 4종/20팩(감자베이컨,디아볼라,고르곤졸라,바질콤비네이션)	단순	02:00	03:00	60	27100500	일반식품	식품	60900	http://www.hnsmall.com/display/goods.do?goods_code=72014008
롯데원티비	20260702	02:00	02:05	5	[원더브라] 원더브라(WONDERBRA) 사각 드로즈 5종	원더브라	[원더브라] 원더브라(WONDERBRA) 사각 드로즈 5종	단순	02:00	02:05	5	0		패션의류	29900	https://www.lotteimall.com/goods/viewGoodsDetail.lotte?goods_no=12881140
롯데원티비	20260702	02:05	02:20	15	[베네치아] ○ 18K GOLD 벨라리체 웨이브 3줄 목걸이	베네치아	[베네치아] ○ 18K GOLD 벨라리체 웨이브 3줄 목걸이	단순	02:05	02:20	15	0		패션잡화	1590000	https://www.lotteimall.com/goods/viewGoodsDetail.lotte?goods_no=12911971
CJ온스타일 플러스	20260702	02:05	02:15	10	푸응 파비플로라 12박스(24주분)	푸응	푸응 파비플로라 12박스(24주분)	단순	02:05	02:15	10	405000		식품	356000	https://display.cjonstyle.com/p/item/2087494422
GS홈쇼핑 마이샵	20260702	02:10	02:15	5	도깨비방망이 헤리티지 프리미엄 1995 마스터 무선 핸드블렌더	도깨비방망이	도깨비방망이 헤리티지 프리미엄 1995 마스터 무선 핸드블렌더	단순	02:10	02:15	5	139000		디지털/가전	139000	https://www.gsshop.com/prd/prd.gs?prdid=1126846267&brddate=20260703042800&pgmID=872&ordChannel=WE&tveshop=Y
SK스토아	20260702	02:11	02:51	40	★치과 판매 동일제품★ 딥클린 센서티브 칫솔 38개 세트 (무료체험분 2개 포함)	★치과	★치과 판매 동일제품★ 딥클린 센서티브 칫솔 38개 세트 (무료체험분 2개 포함)	단순	02:11	02:51	40	5985000	리빙/주방	생활/건강	79800	https://www.skstoa.com/display/goods/61057925
CJ온스타일 플러스	20260702	02:15	02:25	10	26SS 여성 스케치클라우드 워킹화	26SS	26SS 여성 스케치클라우드 워킹화	단순	02:15	02:25	10	774000		패션잡화	129000	https://display.cjonstyle.com/p/item/2084578657
GS홈쇼핑 마이샵	20260702	02:15	02:31	16	모르간 26SS 플루이드 밴딩팬츠 3종	모르간	모르간 26SS 플루이드 밴딩팬츠 3종	단순	02:15	02:31	16	449500		패션의류	80910	https://www.gsshop.com/prd/prd.gs?prdid=1105961989&brddate=20260713213800&pgmID=13307&ordChannel=WE&tveshop=Y
롯데원티비	20260702	02:20	02:35	15	[베네치아] ● 18K GOLD 벨라리체 웨이브 3줄 목걸이	베네치아	[베네치아] ● 18K GOLD 벨라리체 웨이브 3줄 목걸이	단순	02:20	02:35	15	0		패션잡화	1590000	https://www.lotteimall.com/goods/viewGoodsDetail.lotte?goods_no=12912093
NS홈쇼핑 샵플러스	20260702	02:20	02:41	21	콘드로이친1	닥터린	콘드로이친1	단순	02:20	02:41	21	329000		생활/건강	329000	https://m.nsmall.com/goods/36021603
현대홈쇼핑 플러스샵	20260702	02:20	03:00	40	[MAZZETTA] 마제타 와이드 플리츠 팬츠 6종 세트	마제타	[MAZZETTA] 마제타 와이드 플리츠 팬츠 6종 세트	단순	02:20	03:00	40	4788000		패션의류	39900	https://www.hmall.com/md/pda/itemPtc?slitmCd=2251614735
CJ온스타일 플러스	20260702	02:25	02:35	10	925실버 이태리 트위스트 볼 2줄 목걸이	925실버	925실버 이태리 트위스트 볼 2줄 목걸이	단순	02:25	02:35	10	299000		패션잡화	299000	https://display.cjonstyle.com/p/item/2087664407
롯데홈쇼핑	20260702	02:30	03:00	30	[리오홈] ○[더블] 리오홈 블랙/핑크 캐리어 카트(방송에서만 무료체험 7일)	리오홈	[리오홈] ○[더블] 리오홈 블랙/핑크 캐리어 카트(방송에서만 무료체험 7일)	단순	02:30	03:00	30	3574200	잡화/주얼리	생활/건강	89600	https://www.lotteimall.com/goods/viewGoodsDetail.lotte?goods_no=12908939
쇼핑엔티	20260702	02:31	03:31	60	26SS 란체티 냉감 카라티 3종	란체티	26SS 란체티 냉감 카라티 3종	단순	02:31	03:31	60	9862500	의류	패션의류	79900	https://www.shoppingntmall.com/display/goods/27949771
GS홈쇼핑 마이샵	20260702	02:31	02:51	20	보디가드 에센셜 메쉬 드로즈 10종 패키지	보디가드	보디가드 에센셜 메쉬 드로즈 10종 패키지	단순	02:31	02:51	20	1896200		패션의류	44910	https://www.gsshop.com/prd/prd.gs?prdid=1111561450&brddate=20260702023100&pgmID=6753&ordChannel=WE&tveshop=Y
롯데원티비	20260702	02:35	02:50	15	[베네치아] ◇ 18K GOLD 벨라리체 웨이브 3줄 목걸이	베네치아	[베네치아] ◇ 18K GOLD 벨라리체 웨이브 3줄 목걸이	단순	02:35	02:50	15	0		패션잡화	1590000	https://www.lotteimall.com/goods/viewGoodsDetail.lotte?goods_no=12912106
CJ온스타일	20260702	02:35	02:50	15	[최초가 499,000원] 25FW 램스킨 카라리스 레더자켓	로보	[최초가 499,000원] 25FW 램스킨 카라리스 레더자켓	단순	02:35	02:50	15	998000	의류	패션의류	499000	https://display.cjonstyle.com/p/item/2066908235?channelCode=30002002
KT알파쇼핑	20260702	02:35	03:38	63	비버리힐즈폴로클럽_티셔츠(SS) 	비버리힐즈폴로클럽	비버리힐즈폴로클럽_티셔츠(SS) 	단순	02:35	03:38	63	12821100	의류	패션의류	39900	https://m.kshop.co.kr/display/product/8586957
CJ온스타일 플러스	20260702	02:35	02:45	10	푸응 파비플로라 12박스(24주분)	푸응	푸응 파비플로라 12박스(24주분)	단순	02:35	02:45	10	356000		식품	356000	https://display.cjonstyle.com/p/item/2087494422
신세계쇼핑	20260702	02:38	03:39	61	기라로쉬 26SS 스프링 치노팬츠 2종	기라로쉬	기라로쉬 26SS 스프링 치노팬츠 2종	단순	02:38	03:39	61	9085000	의류	패션의류	79000	https://www.shinsegaetvshopping.com/display/detail/20072171
NS홈쇼핑 샵플러스	20260702	02:40	03:02	22	블라우풍트이어폰1	최신상	블라우풍트이어폰1	단순	02:40	03:02	22	359200		생활/건강	179600	https://m.nsmall.com/goods/36020816
현대홈쇼핑	20260702	02:40	03:10	30	[베이커x청담 커피루소] 60초 완성 텀블러형 에스프레소 머신 (+방송에서만 분쇄 원두 200g 추가구성)	베이커	[베이커x청담 커피루소] 60초 완성 텀블러형 에스프레소 머신 (+방송에서만 분쇄 원두 200g 추가구성)	단순	02:40	03:10	30	8297000	일반식품	생활/건강	99000	https://www.hmall.com/md/pda/itemPtc?slitmCd=2249255399&preview=true
CJ온스타일 플러스	20260702	02:45	02:55	10	26SS 여성 스케치클라우드 워킹화	26SS	26SS 여성 스케치클라우드 워킹화	단순	02:45	02:55	10	258000		패션잡화	129000	https://display.cjonstyle.com/p/item/2084578657
롯데원티비	20260702	02:50	03:05	15	[베네치아] ◆ 18K GOLD 벨라리체 웨이브 3줄 목걸이	베네치아	[베네치아] ◆ 18K GOLD 벨라리체 웨이브 3줄 목걸이	단순	02:50	03:05	15	0		패션잡화	1590000	https://www.lotteimall.com/goods/viewGoodsDetail.lotte?goods_no=12912119
공영쇼핑	20260702	02:50	03:30	40	★인기상품★ 스칸디노티아 케틀팟 1.5L+2L	스칸디노티아	★인기상품★ 스칸디노티아 케틀팟 1.5L+2L	단순	02:50	03:30	40	10706200	리빙/주방	생활/건강	39800	https://www.gongyoungshop.kr/goods/selectGoodsDetail.do?prdId=11923526
CJ온스타일	20260702	02:50	03:20	30	프리미엄 슈렁큰 레더 마린 보트슈즈	락포트	프리미엄 슈렁큰 레더 마린 보트슈즈	단순	02:50	03:20	30	9129000	잡화/주얼리	패션잡화	179000	https://display.cjonstyle.com/p/item/2078505640?channelCode=30002002
GS홈쇼핑 마이샵	20260702	02:51	02:56	5	도깨비방망이 헤리티지 프리미엄 1995 마스터 무선 핸드블렌더	도깨비방망이	도깨비방망이 헤리티지 프리미엄 1995 마스터 무선 핸드블렌더	단순	02:51	02:56	5	0		디지털/가전	139000	https://www.gsshop.com/prd/prd.gs?prdid=1126846267&brddate=20260703042800&pgmID=872&ordChannel=WE&tveshop=Y
CJ온스타일 플러스	20260702	02:55	03:05	10	925실버 이태리 트위스트 볼 2줄 목걸이	925실버	925실버 이태리 트위스트 볼 2줄 목걸이	단순	02:55	03:05	10	657000		패션잡화	179000	https://display.cjonstyle.com/p/item/2087666991
GS홈쇼핑 마이샵	20260702	02:56	03:12	16	모르간 26SS 플루이드 밴딩팬츠 3종	모르간	모르간 26SS 플루이드 밴딩팬츠 3종	단순	02:56	03:12	16	449500		패션의류	80910	https://www.gsshop.com/prd/prd.gs?prdid=1105961989&brddate=20260713213800&pgmID=13307&ordChannel=WE&tveshop=Y
현대홈쇼핑 플러스샵	20260702	03:00	03:20	20	[셀렉스] 프로틴 고소한맛 304gx5캔+보틀1개	프로틴	[셀렉스] 프로틴 고소한맛 304gx5캔+보틀1개	단순	03:00	03:20	20	539400		식품	179800	https://www.hmall.com/md/pda/itemPtc?slitmCd=2250312314
홈앤쇼핑	20260702	03:00	04:00	60	[빠른배송] 부케가르니 바디클렌저 7종 풀세트 (바디워시5+로션1+샤워타올1)	부케가르니	[빠른배송] 부케가르니 바디클렌저 7종 풀세트 (바디워시5+로션1+샤워타올1)	단순	03:00	04:00	60	20366000	미용	화장품/미용	59900	http://www.hnsmall.com/display/goods.do?goods_code=77259605
GS홈쇼핑	20260702	03:00	03:30	30	[최신상] 헉슬리 26SS 천연소가죽 피셔맨 샌들	헉슬리	[최신상] 헉슬리 26SS 천연소가죽 피셔맨 샌들	단순	03:00	03:30	30	5863200	잡화/주얼리	패션잡화	69800	https://www.gsshop.com/prd/prd.gs?prdid=1118696185&brddate=20260702030000&pgmID=9613&ordChannel=WE&tveshop=Y
NS홈쇼핑 샵플러스	20260702	03:00	03:41	41	반건조오징어 1	구룡포	반건조오징어 1	단순	03:00	03:41	41	5339300		식품	49900	https://m.nsmall.com/goods/35959121
롯데원티비	20260702	03:05	03:20	15	[베네치아] ◎ 18K GOLD 벨라리체 웨이브 3줄 목걸이	베네치아	[베네치아] ◎ 18K GOLD 벨라리체 웨이브 3줄 목걸이	단순	03:05	03:20	15	0		패션잡화	1590000	https://www.lotteimall.com/goods/viewGoodsDetail.lotte?goods_no=12912128
CJ온스타일 플러스	20260702	03:05	03:15	10	푸응 파비플로라 12박스(24주분)	푸응	푸응 파비플로라 12박스(24주분)	단순	03:05	03:15	10	712000		식품	356000	https://display.cjonstyle.com/p/item/2087494422
현대홈쇼핑	20260702	03:10	03:50	40	알레보 브리앙 스텐304 대용량 밀폐용기 담금패키지	알레보	알레보 브리앙 스텐304 대용량 밀폐용기 담금패키지	단순	03:10	03:50	40	20898000	리빙/주방	생활/건강	149000	https://www.hmall.com/md/pda/itemPtc?slitmCd=2249505990&preview=true
GS홈쇼핑 마이샵	20260702	03:12	03:32	20	[특대형x4+대형x2] 라뽐므 이불압축 파우치	라뽐므	[특대형x4+대형x2] 라뽐므 이불압축 파우치	단순	03:12	03:32	20	1361000		생활/건강	69000	https://www.gsshop.com/prd/prd.gs?prdid=1098382911&brddate=20260711021000&pgmID=6742&ordChannel=WE&tveshop=Y
CJ온스타일 플러스	20260702	03:15	03:25	10	26SS 여성 스케치클라우드 워킹화	26SS	26SS 여성 스케치클라우드 워킹화	단순	03:15	03:25	10	258000		패션잡화	129000	https://display.cjonstyle.com/p/item/2084578657
현대홈쇼핑 플러스샵	20260702	03:20	03:40	20	[안국약품] 토비콤 루테인지아잔틴 12박스(12개월분)	토비콤	[안국약품] 토비콤 루테인지아잔틴 12박스(12개월분)	단순	03:20	03:40	20	1032000		식품	258000	https://www.hmall.com/md/pda/itemPtc?slitmCd=2211697425
NS홈쇼핑	20260702	03:20	04:01	41	히트상품 앵콜방송3부	히트상품	히트상품 앵콜방송3부	단순	03:20	04:01	41	6059500	일반식품	식품	237500	https://m.nsmall.com/goods/36004856
CJ온스타일	20260702	03:20	03:50	30	26SS 핸드메이드 타임리스 소가죽 로퍼	프라이(FRYE)	26SS 핸드메이드 타임리스 소가죽 로퍼	단순	03:20	03:50	30	7876000	잡화/주얼리	패션잡화	179000	https://display.cjonstyle.com/p/item/2076950411?channelCode=30002002
롯데원티비	20260702	03:20	03:25	5	[폴앤조] ○26FW 울블렌디드 넥카프 집업 SET	○26FW	[폴앤조] ○26FW 울블렌디드 넥카프 집업 SET	단순	03:20	03:25	5	79000		출산/육아	79000	https://www.lotteimall.com/goods/viewGoodsDetail.lotte?goods_no=12912377
CJ온스타일 플러스	20260702	03:25	03:35	10	925실버 이태리 트위스트 볼 2줄 목걸이	925실버	925실버 이태리 트위스트 볼 2줄 목걸이	단순	03:25	03:35	10	1135000		패션잡화	299000	https://display.cjonstyle.com/p/item/2087664407
롯데원티비	20260702	03:25	03:30	5	[뉴트리코어] 뉴트리코어 하이퍼셀 PDRN 리쥬 코어 크림 50ml*3개	뉴트리코어	[뉴트리코어] 뉴트리코어 하이퍼셀 PDRN 리쥬 코어 크림 50ml*3개	단순	03:25	03:30	5	0		화장품/미용	189000	https://www.lotteimall.com/goods/viewGoodsDetail.lotte?goods_no=12912192
공영쇼핑	20260702	03:30	03:51	21	고창 복분자 발효농축분말 12통+스푼5개_R	고창	고창 복분자 발효농축분말 12통+스푼5개_R	단순	03:30	03:51	21	888000	건강식품	식품	148000	https://www.gongyoungshop.kr/goods/selectGoodsDetail.do?prdId=11925666
GS홈쇼핑	20260702	03:30	04:00	30	[방송에서만 천연 원석 세트] 클로리에 실버925 롱 슬라이드 목걸이	클로리에	[방송에서만 천연 원석 세트] 클로리에 실버925 롱 슬라이드 목걸이	단순	03:30	04:00	30	19802000	잡화/주얼리	패션잡화	249000	https://www.gsshop.com/prd/prd.gs?prdid=1127102307&brddate=20260702033000&pgmID=9613&ordChannel=WE&tveshop=Y
롯데원티비	20260702	03:30	03:41	11	[LBL] ○26FW 스탠카라 이태리 램스킨 헝가리구스 다운	○26FW	[LBL] ○26FW 스탠카라 이태리 램스킨 헝가리구스 다운	단순	03:30	03:41	11	0		패션의류	399000	https://www.lotteimall.com/goods/viewGoodsDetail.lotte?goods_no=12912167
롯데홈쇼핑	20260702	03:30	03:45	15	[바이브리짓X슈퍼띵스] 26SS 썸머 와이드 스트링 데님팬츠	바이브리짓	[바이브리짓X슈퍼띵스] 26SS 썸머 와이드 스트링 데님팬츠	단순	03:30	03:45	15	1088500	의류	패션의류	69900	https://www.lotteimall.com/goods/viewGoodsDetail.lotte?goods_no=12907173
SK스토아	20260702	03:31	03:51	20	[R451]신영와코루 로맨틱블룸 풀커버 인견레이스 브라팬티	신영와코루	[R451]신영와코루 로맨틱블룸 풀커버 인견레이스 브라팬티	단순	03:31	03:51	20	399700	언더웨어	패션의류	179900	https://www.skstoa.com/display/goods/64906732
GS홈쇼핑 마이샵	20260702	03:32	03:53	21	엘르 26SS 플로럴 라운지웨어 3세트	엘르	엘르 26SS 플로럴 라운지웨어 3세트	단순	03:32	03:53	21	399500		패션의류	79900	https://www.gsshop.com/prd/prd.gs?prdid=1109758046&brddate=20260702033200&pgmID=6753&ordChannel=WE&tveshop=Y
CJ온스타일 플러스	20260702	03:35	03:45	10	푸응 파비플로라 12박스(24주분)	푸응	푸응 파비플로라 12박스(24주분)	단순	03:35	03:45	10	1068000		식품	356000	https://display.cjonstyle.com/p/item/2087494422
쇼핑엔티	20260702	03:37	03:58	21	AGK 기가스톰 BLDC 스테이션 무선청소기 	AGK	AGK 기가스톰 BLDC 스테이션 무선청소기 	단순	03:37	03:58	21	1316000	가전	디지털/가전	329000	https://www.shoppingntmall.com/display/goods/28282024
신세계쇼핑	20260702	03:39	03:59	20	[12개월분] 닥터린 콘드로이친 1200 콘레이티 MBP (30정X12박스)	닥터린	[12개월분] 닥터린 콘드로이친 1200 콘레이티 MBP (30정X12박스)	단순	03:39	03:59	20	1844000	건강식품	식품	329000	https://www.shinsegaetvshopping.com/display/detail/20054900
KT알파쇼핑	20260702	03:39	04:13	34	에넥스_프리미엄침대	에넥스	에넥스_프리미엄침대	단순	03:39	04:13	34	7196000	리빙/주방	가구/인테리어	3198000	https://m.kshop.co.kr/display/product/9085732
NS홈쇼핑 샵플러스	20260702	03:40	04:42	62	엘렌실라 달팽이크림 1	오리지널	엘렌실라 달팽이크림 1	단순	03:40	04:42	62	7421400		화장품/미용	58900	https://m.nsmall.com/goods/35758403
현대홈쇼핑 플러스샵	20260702	03:40	04:20	40	오리지날리 썸머 프린트 팬츠 5종	오리지날리	오리지날리 썸머 프린트 팬츠 5종	단순	03:40	04:20	40	11172000		패션의류	39900	https://www.hmall.com/md/pda/itemPtc?slitmCd=2236148362
롯데원티비	20260702	03:41	03:46	5	[폴앤조] ●26FW 울블렌디드 넥카프 집업 SET	●26FW	[폴앤조] ●26FW 울블렌디드 넥카프 집업 SET	단순	03:41	03:46	5	0		패션의류	79000	https://www.lotteimall.com/goods/viewGoodsDetail.lotte?goods_no=12912378
CJ온스타일 플러스	20260702	03:45	03:55	10	26SS 여성 스케치클라우드 워킹화	26SS	26SS 여성 스케치클라우드 워킹화	단순	03:45	03:55	10	129000		패션잡화	129000	https://display.cjonstyle.com/p/item/2084578657
롯데홈쇼핑	20260702	03:45	04:00	15	[안나수이] 아이코닉 변색안경 (AS5162-1)	안나수이	[안나수이] 아이코닉 변색안경 (AS5162-1)	단순	03:45	04:00	15	3366000	잡화/주얼리	패션의류	129000	https://www.lotteimall.com/goods/viewGoodsDetail.lotte?goods_no=12885911
롯데원티비	20260702	03:46	03:51	5	[뉴트리코어] (A)뉴트리코어 하이퍼셀 PDRN 리쥬 코어 크림 50ml*3개	뉴트리코어	[뉴트리코어] (A)뉴트리코어 하이퍼셀 PDRN 리쥬 코어 크림 50ml*3개	단순	03:46	03:51	5	0		화장품/미용	189000	https://www.lotteimall.com/goods/viewGoodsDetail.lotte?goods_no=12912193
CJ온스타일	20260702	03:50	04:20	30	빈블랑 4단 모듈 수납장 1세트	빈블랑	빈블랑 4단 모듈 수납장 1세트	단순	03:50	04:20	30	5426000	리빙/주방	가구/인테리어	419000	https://display.cjonstyle.com/p/item/2086284591?channelCode=30002002
현대홈쇼핑	20260702	03:50	04:40	50	[26SS최신상][Wolsey] 울시 여성 썸머 가디건 2종 (공통 네이비+선택 컬러)	울시	[26SS최신상][Wolsey] 울시 여성 썸머 가디건 2종 (공통 네이비+선택 컬러)	단순	03:50	04:40	50	40834000	의류	스포츠/레저	79900	https://www.hmall.com/md/pda/itemPtc?slitmCd=2251088287&preview=true
SK스토아	20260702	03:51	04:11	20	코지마 마사지소파 문체어+전용러그	코지마	코지마 마사지소파 문체어+전용러그	단순	03:51	04:11	20	0	가전	생활/건강	2980000	https://www.skstoa.com/display/goods/55480116
롯데원티비	20260702	03:51	04:01	10	[LBL] ●26FW 스탠카라 이태리 램스킨 헝가리구스 다운	●26FW	[LBL] ●26FW 스탠카라 이태리 램스킨 헝가리구스 다운	단순	03:51	04:01	10	0		패션의류	399000	https://www.lotteimall.com/goods/viewGoodsDetail.lotte?goods_no=12912187
GS홈쇼핑 마이샵	20260702	03:53	04:13	20	PN풍년 베르투P 압력솥3.5L(6인용)+곰솥(9L)	PN풍년	PN풍년 베르투P 압력솥3.5L(6인용)+곰솥(9L)	단순	03:53	04:13	20	2652000		생활/건강	149000	https://www.gsshop.com/prd/prd.gs?prdid=1074006011&brddate=20260712031200&pgmID=6995&ordChannel=WE&tveshop=Y
CJ온스타일 플러스	20260702	03:55	04:05	10	925실버 이태리 트위스트 볼 2줄 목걸이	925실버	925실버 이태리 트위스트 볼 2줄 목걸이	단순	03:55	04:05	10	299000		패션잡화	299000	https://display.cjonstyle.com/p/item/2087664407
쇼핑엔티	20260702	03:57	04:37	40	[명품언니 패키지]리더스 아이백 크림 20ml * 5개+ 상품평 시 전고객 아이 리프팅 괄사	리더스	[명품언니 패키지]리더스 아이백 크림 20ml * 5개+ 상품평 시 전고객 아이 리프팅 괄사	단순	03:57	04:37	40	6732000	미용	화장품/미용	99000	https://www.shoppingntmall.com/display/goods/27981203
신세계쇼핑	20260702	03:59	04:19	20	[상시/14개월] 그레인온 골드 카무트 효소 14박스	그레인온	[상시/14개월] 그레인온 골드 카무트 효소 14박스	단순	03:59	04:19	20	920000	건강식품	식품	460000	https://www.shinsegaetvshopping.com/display/detail/20072808
홈앤쇼핑	20260702	04:00	04:50	50	[제주 산지직송] 26년 수확 햇 제주 보우짱 미니밤단호박 8kg	26년	[제주 산지직송] 26년 수확 햇 제주 보우짱 미니밤단호박 8kg	단순	04:00	04:50	50	24969700	일반식품	식품	29900	http://www.hnsmall.com/display/goods.do?goods_code=80494536
NS홈쇼핑	20260702	04:00	05:01	61	히트상품 앵콜방송4부	히트상품	히트상품 앵콜방송4부	단순	04:00	05:01	61	24917800	일반식품	식품	30900	https://m.nsmall.com/goods/35786896
롯데홈쇼핑	20260702	04:00	04:35	35	[아트델리] ★2026 최신상/방송에서만 이 가격 이 구성★ 쌩얼 선크림 50ml * 4통 + 선쿠션15g* 1통 + 무료체험 전고객 선크림 15ml + 핑크 키링참*1	아트델리	[아트델리] ★2026 최신상/방송에서만 이 가격 이 구성★ 쌩얼 선크림 50ml * 4통 + 선쿠션15g* 1통 + 무료체험 전고객 선크림 15ml + 핑크 키링참*1	단순	04:00	04:35	35	6540600	미용	화장품/미용	69900	https://www.lotteimall.com/goods/viewGoodsDetail.lotte?goods_no=12907477
롯데원티비	20260702	04:01	04:06	5	[폴앤조] ◎26FW 울블렌디드 넥카프 집업 SET	◎26FW	[폴앤조] ◎26FW 울블렌디드 넥카프 집업 SET	단순	04:01	04:06	5	79000		출산/육아	79000	https://www.lotteimall.com/goods/viewGoodsDetail.lotte?goods_no=12912380
CJ온스타일 플러스	20260702	04:05	04:15	10	푸응 파비플로라 12박스(24주분)	푸응	푸응 파비플로라 12박스(24주분)	단순	04:05	04:15	10	356000		식품	356000	https://display.cjonstyle.com/p/item/2087494422
롯데원티비	20260702	04:06	04:11	5	[뉴트리코어] (B)뉴트리코어 하이퍼셀 PDRN 리쥬 코어 크림 50ml*3개	뉴트리코어	[뉴트리코어] (B)뉴트리코어 하이퍼셀 PDRN 리쥬 코어 크림 50ml*3개	단순	04:06	04:11	5	0		화장품/미용	189000	https://www.lotteimall.com/goods/viewGoodsDetail.lotte?goods_no=12912194
KT알파쇼핑	20260702	04:09	04:33	24	코지마_데코르	코지마	코지마_데코르	단순	04:09	04:33	24	-2980000	가전	디지털/가전	2980000	https://m.kshop.co.kr/display/product/5289519
공영쇼핑	20260702	04:10	05:00	50	[SK] 보몽드 아이스 냉감패드 2장 세트 ♡열대야 타파!! 가격할인 특집방송♡	보몽드	[SK] 보몽드 아이스 냉감패드 2장 세트 ♡열대야 타파!! 가격할인 특집방송♡	단순	04:10	05:00	50	16122200	리빙/주방	가구/인테리어	84900	https://www.gongyoungshop.kr/goods/selectGoodsDetail.do?prdId=11942571
SK스토아	20260702	04:11	04:51	40	O무배당 새로담는 간편건강보험 (신세계상품권)	O무배당	O무배당 새로담는 간편건강보험 (신세계상품권)	단순	04:11	04:51	40	0	보험	여가/생활편의	0	https://www.skstoa.com/display/goods/64722573
롯데원티비	20260702	04:11	04:21	10	[LBL] ◎26FW 스탠카라 이태리 램스킨 헝가리구스 다운	◎26FW	[LBL] ◎26FW 스탠카라 이태리 램스킨 헝가리구스 다운	단순	04:11	04:21	10	0		패션의류	399000	https://www.lotteimall.com/goods/viewGoodsDetail.lotte?goods_no=12912188
GS홈쇼핑 마이샵	20260702	04:13	04:18	5	도깨비방망이 헤리티지 프리미엄 1995 마스터 무선 핸드블렌더	도깨비방망이	도깨비방망이 헤리티지 프리미엄 1995 마스터 무선 핸드블렌더	단순	04:13	04:18	5	139000		디지털/가전	139000	https://www.gsshop.com/prd/prd.gs?prdid=1126846267&brddate=20260703042800&pgmID=872&ordChannel=WE&tveshop=Y
CJ온스타일 플러스	20260702	04:15	04:45	30	액티브 프로 8박스(80회분)+보틀2개	액티브	액티브 프로 8박스(80회분)+보틀2개	단순	04:15	04:45	30	2122400		식품	303200	https://display.cjonstyle.com/p/item/2084990363
GS홈쇼핑 마이샵	20260702	04:18	04:34	16	모르간 26SS 플루이드 밴딩팬츠 3종	모르간	모르간 26SS 플루이드 밴딩팬츠 3종	단순	04:18	04:34	16	449500		패션의류	80910	https://www.gsshop.com/prd/prd.gs?prdid=1105961989&brddate=20260713213800&pgmID=13307&ordChannel=WE&tveshop=Y
신세계쇼핑	20260702	04:19	04:30	11	맑은물에 김석원 낫또 45.5g x 34개	맑은 물에	맑은물에 김석원 낫또 45.5g x 34개	단순	04:19	04:30	11	1348900	일반식품	식품	32900	https://www.shinsegaetvshopping.com/display/detail/10193559
CJ온스타일	20260702	04:20	05:00	40	[최초가69,900원] 프렌치 린넨 펄니트 3종	셀렙샵에디션	[최초가69,900원] 프렌치 린넨 펄니트 3종	단순	04:20	05:00	40	18600700	의류	패션의류	29900	https://display.cjonstyle.com/p/item/2052022735?channelCode=30002002
롯데원티비	20260702	04:21	04:26	5	[폴앤조] ●26FW 울블렌디드 넥카프 집업 SET	●26FW	[폴앤조] ●26FW 울블렌디드 넥카프 집업 SET	단순	04:21	04:26	5	237000		패션의류	79000	https://www.lotteimall.com/goods/viewGoodsDetail.lotte?goods_no=12912378
롯데원티비	20260702	04:26	04:31	5	[뉴트리코어] 뉴트리코어 하이퍼셀 PDRN 리쥬 코어 크림 50ml*3개	뉴트리코어	[뉴트리코어] 뉴트리코어 하이퍼셀 PDRN 리쥬 코어 크림 50ml*3개	단순	04:26	04:31	5	0		화장품/미용	189000	https://www.lotteimall.com/goods/viewGoodsDetail.lotte?goods_no=12912192
GS홈쇼핑	20260702	04:30	05:00	30	이지스 자외선차단 무봉제 마스크 8종 (스포츠 4개+스타일 4개)	이지스	이지스 자외선차단 무봉제 마스크 8종 (스포츠 4개+스타일 4개)	단순	04:30	05:00	30	6936800	리빙/주방	생활/건강	59800	https://www.gsshop.com/prd/prd.gs?prdid=1114551812&brddate=20260702043000&pgmID=9613&ordChannel=WE&tveshop=Y
신세계쇼핑	20260702	04:30	05:30	60	[26SS최신상]조이너스 썸머 원피스	조이너스	[26SS최신상]조이너스 썸머 원피스	단순	04:30	05:30	60	39887200	의류	패션의류	49900	https://www.shinsegaetvshopping.com/display/detail/1001331468
KT알파쇼핑	20260702	04:30	05:33	63	테이핑테크_무릎보호대(7세대)	테이핑테크	테이핑테크_무릎보호대(7세대)	단순	04:30	05:33	63	16104400	가전	스포츠/레저	39800	https://m.kshop.co.kr/display/product/7914383
롯데원티비	20260702	04:31	04:41	10	[LBL] ●26FW 스탠카라 이태리 램스킨 헝가리구스 다운	●26FW	[LBL] ●26FW 스탠카라 이태리 램스킨 헝가리구스 다운	단순	04:31	04:41	10	0		패션의류	399000	https://www.lotteimall.com/goods/viewGoodsDetail.lotte?goods_no=12912187
GS홈쇼핑 마이샵	20260702	04:34	04:55	21	26summer 샤론느 풍기인견 팬티 10종 세트	26summer	26summer 샤론느 풍기인견 팬티 10종 세트	단순	04:34	04:55	21	4042700		패션의류	59900	https://www.gsshop.com/prd/prd.gs?prdid=1121986368&brddate=20260715163800&pgmID=6753&ordChannel=WE&tveshop=Y
롯데홈쇼핑	20260702	04:35	05:15	40	[상시가 89,000원] 26SS 코튼 블렌디드 자카드 셔츠	네메르	[상시가 89,000원] 26SS 코튼 블렌디드 자카드 셔츠	단순	04:35	05:15	40	4582000	의류	패션의류	89000	https://www.lotteimall.com/goods/viewGoodsDetail.lotte?goods_no=12888190
쇼핑엔티	20260702	04:37	05:36	59	슈리오 아델라 메시 썸머 스니커즈 	슈리오	슈리오 아델라 메시 썸머 스니커즈 	단순	04:37	05:36	59	15715440	잡화/주얼리	패션잡화	59800	https://www.shoppingntmall.com/display/goods/27847025
현대홈쇼핑	20260702	04:40	05:20	40	제이시글램 26SS 몸매커버 쉬폰 베스트 3종	제이시글램	제이시글램 26SS 몸매커버 쉬폰 베스트 3종	단순	04:40	05:20	40	47241600	의류	패션의류	39900	https://www.hmall.com/md/pda/itemPtc?slitmCd=2248265305&preview=true
현대홈쇼핑 플러스샵	20260702	04:40	05:20	40	26NEW 진짜편한속옷 인견 브라탑 패키지 4종 (런닝형)	26NEW	26NEW 진짜편한속옷 인견 브라탑 패키지 4종 (런닝형)	단순	04:40	05:20	40	9780400		패션의류	49900	https://www.hmall.com/md/pda/itemPtc?slitmCd=2248457770
NS홈쇼핑 샵플러스	20260702	04:41	05:42	61	제주밤호박1	제주	제주밤호박1	단순	04:41	05:42	61	16201100		식품	29900	https://m.nsmall.com/goods/35961545
롯데원티비	20260702	04:41	04:46	5	[순수식품] 유기농 양배추케일즙(80ml X 30포X 3박스, 총90포) 	유기농	[순수식품] 유기농 양배추케일즙(80ml X 30포X 3박스, 총90포) 	단순	04:41	04:46	5	135600		식품	33900	https://www.lotteimall.com/goods/viewGoodsDetail.lotte?goods_no=12905207
CJ온스타일 플러스	20260702	04:45	05:15	30	[Barbara] 100주년에디션 쿨에어립 퓨징 런닝후크형 브라팬티 V29	100주년에디션	[Barbara] 100주년에디션 쿨에어립 퓨징 런닝후크형 브라팬티 V29	복합	04:45	05:15	30	3980000		패션의류	199000	https://display.cjonstyle.com/p/item/2083038502
롯데원티비	20260702	04:46	04:51	5	[폴앤조] ○26FW 울블렌디드 넥카프 집업 SET	○26FW	[폴앤조] ○26FW 울블렌디드 넥카프 집업 SET	단순	04:46	04:51	5	0		출산/육아	79000	https://www.lotteimall.com/goods/viewGoodsDetail.lotte?goods_no=12912377
홈앤쇼핑	20260702	04:50	06:00	70	[2026 최신상] PMD 근육 자극 V업  풀페이스 탄력 기기 + 콜라겐 앰플2종	PMD	[2026 최신상] PMD 근육 자극 V업  풀페이스 탄력 기기 + 콜라겐 앰플2종	단순	04:50	06:00	70	41978000	미용	화장품/미용	238000	http://www.hnsmall.com/display/goods.do?goods_code=78911360
SK스토아	20260702	04:51	05:31	40	(심야)휴롬 원액기 H420	휴롬	(심야)휴롬 원액기 H420	단순	04:51	05:31	40	11732000	가전	디지털/가전	499000	https://www.skstoa.com/display/goods/63511391
롯데원티비	20260702	04:51	04:56	5	[뉴트리코어] (A)뉴트리코어 하이퍼셀 PDRN 리쥬 코어 크림 50ml*3개	뉴트리코어	[뉴트리코어] (A)뉴트리코어 하이퍼셀 PDRN 리쥬 코어 크림 50ml*3개	단순	04:51	04:56	5	0		화장품/미용	189000	https://www.lotteimall.com/goods/viewGoodsDetail.lotte?goods_no=12912193
GS홈쇼핑 마이샵	20260702	04:55	05:55	60	프롬더스킨 글루타치온 콜라겐팩 더블 구성	프롬더스킨	프롬더스킨 글루타치온 콜라겐팩 더블 구성	단순	04:55	05:55	60	18991000		화장품/미용	138000	https://www.gsshop.com/prd/prd.gs?prdid=1069890095&brddate=20260702045500&pgmID=6737&ordChannel=WE&tveshop=Y
롯데원티비	20260702	04:56	05:06	10	[LBL] ○26FW 스탠카라 이태리 램스킨 헝가리구스 다운	○26FW	[LBL] ○26FW 스탠카라 이태리 램스킨 헝가리구스 다운	단순	04:56	05:06	10	0		패션의류	399000	https://www.lotteimall.com/goods/viewGoodsDetail.lotte?goods_no=12912167
CJ온스타일	20260702	05:00	06:00	60	[방송중 상담만 받아도 혜택]신한 라이프 케어받는 암보험	신한라이프	[방송중 상담만 받아도 혜택]신한 라이프 케어받는 암보험	단순	05:00	06:00	60	0	보험	여가/생활편의	0	https://display.cjonstyle.com/p/item/2064509744?channelCode=30002002
GS홈쇼핑	20260702	05:00	05:31	31	이든밥상 돈워리 명품LA갈비 500g 4팩	이든밥상	이든밥상 돈워리 명품LA갈비 500g 4팩	단순	05:00	05:31	31	4549300	일반식품	식품	67900	https://www.gsshop.com/prd/prd.gs?prdid=1099543966&brddate=20260702050000&pgmID=13145&ordChannel=WE&tveshop=Y
공영쇼핑	20260702	05:00	06:00	60	[에코라믹]IH뚝배기형 냄비 4종세트	에코라믹	[에코라믹]IH뚝배기형 냄비 4종세트	단순	05:00	06:00	60	48357900	리빙/주방	생활/건강	49800	https://www.gongyoungshop.kr/goods/selectGoodsDetail.do?prdId=11857933
NS홈쇼핑	20260702	05:00	05:41	41	골든킹감자	골든킹	골든킹감자	단순	05:00	05:41	41	21737300	일반식품	식품	29900	https://m.nsmall.com/goods/36026607
롯데원티비	20260702	05:06	05:11	5	[핫딜] 베지밀 검은콩 고칼슘 두유 190ml x 48팩	베지밀	[핫딜] 베지밀 검은콩 고칼슘 두유 190ml x 48팩	단순	05:06	05:11	5	59000		식품	29500	https://www.lotteimall.com/goods/viewGoodsDetail.lotte?goods_no=12827793
롯데원티비	20260702	05:11	05:31	20	[크로커다일 언더웨어 ] 크로커다일 시스루 감탄 부케시리즈(4세트)	크로커다일	[크로커다일 언더웨어 ] 크로커다일 시스루 감탄 부케시리즈(4세트)	단순	05:11	05:31	20	431460		패션의류	71910	https://www.lotteimall.com/goods/viewGoodsDetail.lotte?goods_no=12905136
CJ온스타일 플러스	20260702	05:15	05:45	30	시티아노텀플러	시티아노텀플러	시티아노텀플러	단순	05:15	05:45	30	7221900		생활/건강	79800	https://display.cjonstyle.com/p/item/2051835422
롯데홈쇼핑	20260702	05:15	06:15	60	[깨끗한나라] ☆방송에서만☆ 깨끗한 화장지 30롤 x 3팩	깨끗한나라	[깨끗한나라] ☆방송에서만☆ 깨끗한 화장지 30롤 x 3팩	단순	05:15	06:15	60	24977400	리빙/주방	생활/건강	39900	https://www.lotteimall.com/goods/viewGoodsDetail.lotte?goods_no=12839356
현대홈쇼핑 플러스샵	20260702	05:20	06:00	40	26SS 아놀드파마 여성 PK 반팔티셔츠 7종	26SS	26SS 아놀드파마 여성 PK 반팔티셔츠 7종	단순	05:20	06:00	40	13173600		스포츠/레저	49900	https://www.hmall.com/md/pda/itemPtc?slitmCd=2250273077
현대홈쇼핑	20260702	05:20	06:15	55	[방송에서만]뉴트리코어 하이퍼셀 코엔자임Q10 맥스 12박스+6박스 더	뉴트리코어	[방송에서만]뉴트리코어 하이퍼셀 코엔자임Q10 맥스 12박스+6박스 더	단순	05:20	06:15	55	95699000	건강식품	식품	269000	https://www.hmall.com/md/pda/itemPtc?slitmCd=2250396619&preview=true
신세계쇼핑	20260702	05:30	06:31	61	26SS] 르까프 남성 에브리데이 조거팬츠 4종세트	26SS]	26SS] 르까프 남성 에브리데이 조거팬츠 4종세트	단순	05:30	06:31	61	53041000	의류	패션의류	59000	https://www.shinsegaetvshopping.com/display/detail/20071854
KT알파쇼핑	20260702	05:30	06:33	63	펠틱스_올인원자켓	펠틱스	펠틱스_올인원자켓	단순	05:30	06:33	63	81763500	의류	패션의류	59900	https://m.kshop.co.kr/display/product/8621952
GS홈쇼핑	20260702	05:30	06:16	46	이시형 박사의 두뇌엔 PS 진 MAX 12박스 포스파티딜세린	이시형	이시형 박사의 두뇌엔 PS 진 MAX 12박스 포스파티딜세린	단순	05:30	06:16	46	47856000	건강식품	식품	309000	https://www.gsshop.com/prd/prd.gs?prdid=1126019450&brddate=20260702053000&pgmID=13352&ordChannel=WE&tveshop=Y
SK스토아	20260702	05:31	06:31	60	(매니아)뉴트리코어 하이퍼셀 코큐텐 앰플 16주 패키지	뉴트리코어	(매니아)뉴트리코어 하이퍼셀 코큐텐 앰플 16주 패키지	단순	05:31	06:31	60	33924600	미용	화장품/미용	399000	https://www.skstoa.com/display/goods/62684840
롯데원티비	20260702	05:31	06:30	59	[마미케어] ★최신상 시즌2★ 마미케어 들깨미백크림 티엑스 플러스 55ml 4통+2ml 4매+♥체험분♥ 2ml	★최신상	[마미케어] ★최신상 시즌2★ 마미케어 들깨미백크림 티엑스 플러스 55ml 4통+2ml 4매+♥체험분♥ 2ml	단순	05:31	06:30	59	3914400		화장품/미용	69900	https://www.lotteimall.com/goods/viewGoodsDetail.lotte?goods_no=12903123
쇼핑엔티	20260702	05:36	06:36	60	[프리미엄] 밀레골프 26SS 최신상! 에어터치 메시 반팔 티셔츠 5종 세트, 남성	밀레골프	[프리미엄] 밀레골프 26SS 최신상! 에어터치 메시 반팔 티셔츠 5종 세트, 남성	단순	05:36	06:36	60	28179900	의류	스포츠/레저	49000	https://www.shoppingntmall.com/display/goods/27980047
NS홈쇼핑	20260702	05:40	06:31	51	안국아스타잔틴	아스타	안국아스타잔틴	단순	05:40	06:31	51	40996000	건강식품	식품	149000	https://m.nsmall.com/goods/35937523
NS홈쇼핑 샵플러스	20260702	05:41	06:42	61	밀라1	밀라	밀라1	단순	05:41	06:42	61	25548800		패션의류	49900	https://m.nsmall.com/goods/35983153
CJ온스타일 플러스	20260702	05:45	06:45	60	동국 마데카크림 대용량 특집구성(타이트리프팅70ml*3개+50ml*7개+무료체험분1ml*10개)	동국	동국 마데카크림 대용량 특집구성(타이트리프팅70ml*3개+50ml*7개+무료체험분1ml*10개)	단순	05:45	06:45	60	43164000		화장품/미용	98100	https://display.cjonstyle.com/p/item/2084472925
GS홈쇼핑 마이샵	20260702	05:55	06:36	41	쏘내추럴 26SS 펀칭 아일렛 점퍼 [런칭 가격 89,900원]	쏘내추럴	쏘내추럴 26SS 펀칭 아일렛 점퍼 [런칭 가격 89,900원]	단순	05:55	06:36	41	62640900		패션의류	69900	https://www.gsshop.com/prd/prd.gs?prdid=1107876362&brddate=20260702055500&pgmID=13307&ordChannel=WE&tveshop=Y
현대홈쇼핑 플러스샵	20260702	06:00	06:20	20	100% 국내산 햇 홍감자 3.2kg (카스테라 감자)	100%	100% 국내산 햇 홍감자 3.2kg (카스테라 감자)	단순	06:00	06:20	20	9969900		식품	19900	https://www.hmall.com/md/pda/itemPtc?slitmCd=2251231375
CJ온스타일	20260702	06:00	07:15	75	[최다 11개월] 프로 다이어트 유산균 9개월분+BNR17플러스60포	비에날씬	[최다 11개월] 프로 다이어트 유산균 9개월분+BNR17플러스60포	단순	06:00	07:15	75	133232000	건강식품	식품	548000	https://display.cjonstyle.com/p/item/2081410949?channelCode=30002002
공영쇼핑	20260702	06:00	07:15	75	[에버홈] THE 쏀 파워믹서기	에버홈	[에버홈] THE 쏀 파워믹서기	단순	06:00	07:15	75	79720200	가전	생활/건강	79800	https://www.gongyoungshop.kr/goods/selectGoodsDetail.do?prdId=11941995
홈앤쇼핑	20260702	06:00	07:15	75	[방송에서만] 위엔 매스틱 24주분(6박스)	매스틱	[방송에서만] 위엔 매스틱 24주분(6박스)	단순	06:00	07:15	75	61894000	건강식품	식품	599000	http://www.hnsmall.com/display/goods.do?goods_code=80825694
GS홈쇼핑	20260702	06:15	07:15	60	주영엔에스 모발콜라겐 3270 24주분(6박스) + 식물성 오메가 600mg 1박스	주영엔에스	주영엔에스 모발콜라겐 3270 24주분(6박스) + 식물성 오메가 600mg 1박스	단순	06:15	07:15	60	112617000	건강식품	식품	205000	https://www.gsshop.com/prd/prd.gs?prdid=1123595036&brddate=20260702061500&pgmID=13352&ordChannel=WE&tveshop=Y
현대홈쇼핑	20260702	06:15	08:15	120	[크레송] 에르 블라우스 3종 	크레송	에르 블라우스	복합	06:15	08:15	120	13473000	의류	패션잡화	49900	https://www.hmall.com/md/pda/itemPtc?slitmCd=2236193767&preview=true
현대홈쇼핑	20260702	06:15	08:15	120	[크레송] 에르 블라우스 3종 	이상봉	에디션 26SS 보니타 위빙백 라지	복합	06:15	08:15	120	283200900	잡화/주얼리	패션잡화	129000	https://www.hmall.com/md/pda/itemPtc?slitmCd=2250945121&preview=true
현대홈쇼핑	20260702	06:15	08:15	120	[크레송] 에르 블라우스 3종 	아쿠아스큐텀	듀얼 컴팩트 머서라이즈 티셔츠	복합	06:15	08:15	120	102592900	의류	패션잡화	49900	https://www.hmall.com/md/pda/itemPtc?slitmCd=2251604983&preview=true
현대홈쇼핑	20260702	06:15	08:15	120	[크레송] 에르 블라우스 3종 	로라파커	26SS 넥카프3종 팔토시1종	복합	06:15	08:15	120	18896800	의류	패션잡화	29900	https://www.hmall.com/md/pda/itemPtc?slitmCd=2250246543&preview=true
롯데홈쇼핑	20260702	06:15	07:15	60	[원데이특집패키지] 셀폰즈 바르는 녹는실 앰플 16회분 찬스[3박스(12병)+포토리뷰 시 1박스(4병)] + 경품당첨시 1박스(4병) 더 	셀폰즈	[원데이특집패키지] 셀폰즈 바르는 녹는실 앰플 16회분 찬스[3박스(12병)+포토리뷰 시 1박스(4병)] + 경품당첨시 1박스(4병) 더 	단순	06:15	07:15	60	70589200	미용	화장품/미용	199800	https://www.lotteimall.com/goods/viewGoodsDetail.lotte?goods_no=12912181
현대홈쇼핑 플러스샵	20260702	06:20	07:20	60	50%세일_[닥터린] 콘드로이친 1200 콘레이티+MBP+K2 12개월분	50%세일_	50%세일_[닥터린] 콘드로이친 1200 콘레이티+MBP+K2 12개월분	단순	06:20	07:20	60	26543000		식품	164500	https://www.hmall.com/md/pda/itemPtc?slitmCd=2229851934
NS홈쇼핑	20260702	06:30	07:21	51	에버콜라겐타임레티놀A	에버콜라겐	에버콜라겐타임레티놀A	단순	06:30	07:21	51	50618000	건강식품	식품	559000	https://m.nsmall.com/goods/35842283
KT알파쇼핑	20260702	06:30	07:31	61	네스트_의료기기	통증완화	네스트_의료기기	단순	06:30	07:31	61	0	가전	여가/생활편의	0	https://m.kshop.co.kr/display/product/8748774
신세계쇼핑	20260702	06:30	07:31	61	♥ 단독! 방송에서만! 동국제약 마데카 유스퍼펙션 리프팅 아이크림 세트(아이크림9+체험분5매+쇼핑백1)	동국제약	♥ 단독! 방송에서만! 동국제약 마데카 유스퍼펙션 리프팅 아이크림 세트(아이크림9+체험분5매+쇼핑백1)	단순	06:30	07:31	61	87191800	미용	화장품/미용	79900	https://www.shinsegaetvshopping.com/display/detail/20072065
롯데원티비	20260702	06:30	07:30	60	[정은] ★방송에서만 ★[11박스 찬스] 정은 블랙 캐비아 광채 컬러 염색제 10BOX+[리뷰시] 1BOX 더!(다이아몬드 브라운, 다이아몬드 블랙 中 선택)	★방송에서만	[정은] ★방송에서만 ★[11박스 찬스] 정은 블랙 캐비아 광채 컬러 염색제 10BOX+[리뷰시] 1BOX 더!(다이아몬드 브라운, 다이아몬드 블랙 中 선택)	복합	06:30	07:30	60	6293000		화장품/미용	89900	https://www.lotteimall.com/goods/viewGoodsDetail.lotte?goods_no=12909502
SK스토아	20260702	06:31	07:31	60	(최대용량)(방송에서만)에코센스 히트락 올트라이탄 밀폐용기 14종	에코센스	(최대용량)(방송에서만)에코센스 히트락 올트라이탄 밀폐용기 14종	단순	06:31	07:31	60	71740200	리빙/주방	생활/건강	79800	https://www.skstoa.com/display/goods/60547256
GS홈쇼핑 마이샵	20260702	06:36	07:36	60	RYN 26SS 최신상 LUXWALK 워킹화 1종 + 슬리퍼 1종 여성용	RYN	RYN 26SS 최신상 LUXWALK 워킹화 1종 + 슬리퍼 1종 여성용	단순	06:36	07:36	60	61277700		패션잡화	59900	https://www.gsshop.com/prd/prd.gs?prdid=1110381283&brddate=20260702063600&pgmID=12502&ordChannel=WE&tveshop=Y
쇼핑엔티	20260702	06:36	07:36	60	[1등특집] 비에날씬 유산균 36주분+슬림플러스 4주분+EMS 복부마사지기	비에날씬	[1등특집] 비에날씬 유산균 36주분+슬림플러스 4주분+EMS 복부마사지기	단순	06:36	07:36	60	39446000	건강식품	식품	548000	https://www.shoppingntmall.com/display/goods/24911939
NS홈쇼핑 샵플러스	20260702	06:41	07:43	62	테팔1	테팔1	테팔1	복합	06:41	07:43	62	37367000		생활/건강	79000	https://m.nsmall.com/goods/35930184
CJ온스타일 플러스	20260702	06:45	07:45	60	[남궁민모발콜라겐] 모발콜라겐 3270 6박스 24주분+오메가3 1박스	모발콜라겐	[남궁민모발콜라겐] 모발콜라겐 3270 6박스 24주분+오메가3 1박스	단순	06:45	07:45	60	35246000		식품	195000	https://display.cjonstyle.com/p/item/2086573356
롯데홈쇼핑	20260702	07:15	09:25	130	[트루릴리전] 트루릴리전 26SS 여성 데님 하프 셋업 2종	트루릴리전	[트루릴리전] 트루릴리전 26SS 여성 데님 하프 셋업 2종	단순	07:15	09:25	130	648663800	의류	패션의류	69000	https://www.lotteimall.com/goods/viewGoodsDetail.lotte?goods_no=12905945
공영쇼핑	20260702	07:15	08:20	65	[30팩] 한우물 일품볶음밥 6종	한우물	[30팩] 한우물 일품볶음밥 6종	단순	07:15	08:20	65	130321700	일반식품	식품	50900	https://www.gongyoungshop.kr/goods/selectGoodsDetail.do?prdId=11946462
CJ온스타일	20260702	07:15	08:15	60	26썸머 최신상 라이크라 시스루 올인원 바디수트 4종	신영와코루	26썸머 최신상 라이크라 시스루 올인원 바디수트 4종	단순	07:15	08:15	60	154084350	언더웨어	패션의류	179900	https://display.cjonstyle.com/p/item/2082314707?channelCode=30002002
GS홈쇼핑	20260702	07:15	08:15	60	[사상최초] 베지톨로지 비니페린 포도미백앰플 리뷰시 최대용량+젤클렌저	베지톨로지	[사상최초] 베지톨로지 비니페린 포도미백앰플 리뷰시 최대용량+젤클렌저	단순	07:15	08:15	60	81129000	미용	화장품/미용	229000	https://www.gsshop.com/prd/prd.gs?prdid=1121236052&brddate=20260702071500&pgmID=6737&ordChannel=WE&tveshop=Y
홈앤쇼핑	20260702	07:15	08:15	60	[2026 NEW/ 6통] 청담스타일 포레스트 블랙체인지 염색샴푸 시그니처 더블 구성(6통+고데기)	청담스타일	[2026 NEW/ 6통] 청담스타일 포레스트 블랙체인지 염색샴푸 시그니처 더블 구성(6통+고데기)	단순	07:15	08:15	60	104933400	미용	화장품/미용	109800	http://www.hnsmall.com/display/goods.do?goods_code=81139481
현대홈쇼핑 플러스샵	20260702	07:20	07:40	20	[20분 찬스 방송에서만 이가격] [셰퍼] 스팀싹 스팀다리미(열판+스팀 2in1)	스팀싹	[20분 찬스 방송에서만 이가격] [셰퍼] 스팀싹 스팀다리미(열판+스팀 2in1)	단순	07:20	07:40	20	14925000		디지털/가전	39800	https://www.hmall.com/md/pda/itemPtc?slitmCd=2248869228
NS홈쇼핑	20260702	07:20	08:26	66	스타일리스마그넷팬	스타일리스	스타일리스마그넷팬	단순	07:20	08:26	66	107878290	가전	디지털/가전	59600	https://m.nsmall.com/goods/36000195
롯데원티비	20260702	07:30	08:30	60	[SALE][21kg]헤르젠 쌀 냉장고(SSR-A21K)	헤르젠	[SALE][21kg]헤르젠 쌀 냉장고(SSR-A21K)	단순	07:30	08:30	60	17420000		디지털/가전	268000	https://www.lotteimall.com/goods/viewGoodsDetail.lotte?goods_no=12912505
SK스토아	20260702	07:31	08:31	60	[SK단독 이혜진패키지] 더 블랙 프리미어 기초 4종 완벽 2세트(스킨,로션,크림, 아이크림,쇼핑백)	SK단독	[SK단독 이혜진패키지] 더 블랙 프리미어 기초 4종 완벽 2세트(스킨,로션,크림, 아이크림,쇼핑백)	단순	07:31	08:31	60	61337600	미용	화장품/미용	59900	https://www.skstoa.com/display/goods/41806304
신세계쇼핑	20260702	07:31	08:32	61	[방송중 반값세일] 보넬 아이엠 당근 NFC 착즙주스 1L*12병	보넬	[방송중 반값세일] 보넬 아이엠 당근 NFC 착즙주스 1L*12병	단순	07:31	08:32	61	100584000	건강식품	식품	99000	https://www.shinsegaetvshopping.com/display/detail/20070469
KT알파쇼핑	20260702	07:31	08:33	62	블라우풍트_음성증폭기	블라우풍트	블라우풍트_음성증폭기	단순	07:31	08:33	62	77406000	가전	디지털/가전	199500	https://m.kshop.co.kr/display/product/8046457
GS홈쇼핑 마이샵	20260702	07:36	08:36	60	여에스더 리포좀 글루타치온 다이렉트 울트라12x 12박스 (26년 최신상) 3X 1박스리포좀 글루타치온 다이렉트 울트라12x 12박스 (26년 최신상) 3X 1박스	여에스더	여에스더 리포좀 글루타치온 다이렉트 울트라12x 12박스 (26년 최신상) 3X 1박스리포좀 글루타치온 다이렉트 울트라12x 12박스 (26년 최신상) 3X 1박스	단순	07:36	08:36	60	60305000		식품	374000	https://www.gsshop.com/prd/prd.gs?prdid=1122257598&brddate=20260714063600&pgmID=13352&ordChannel=WE&tveshop=Y
쇼핑엔티	20260702	07:36	08:35	59	여름한정판★AGE20S 아이스에디션 에센스팩트 기본구성(본품2+리필3+메쉬백)SPF50+ PA++++	여름한정판★AGE20S	여름한정판★AGE20S 아이스에디션 에센스팩트 기본구성(본품2+리필3+메쉬백)SPF50+ PA++++	단순	07:36	08:35	59	28476000	미용	화장품/미용	99000	https://www.shoppingntmall.com/display/goods/28265046
현대홈쇼핑 플러스샵	20260702	07:40	08:40	60	로스돔 세트	로스돔	로스돔 세트	단순	07:40	08:40	60	41719300		생활/건강	69900	https://www.hmall.com/md/pda/itemPtc?slitmCd=2251175072
NS홈쇼핑 샵플러스	20260702	07:41	08:43	62	에이치라이프양우산1	에이치라이프	에이치라이프양우산1	단순	07:41	08:43	62	44210860		패션잡화	34110	https://m.nsmall.com/goods/35951816
CJ온스타일 플러스	20260702	07:45	08:45	60	여에스더 리포좀 글루타치온 다이렉트 12X 알파 네트워크 12박스 + 3X 1박스	여에스더	여에스더 리포좀 글루타치온 다이렉트 12X 알파 네트워크 12박스 + 3X 1박스	단순	07:45	08:45	60	43814000		식품	374000	https://display.cjonstyle.com/p/item/2085756814
홈앤쇼핑	20260702	08:15	09:25	70	(방송중무료체험14일) 피지[Fiji] 모락셀라 쉰내 냄새제거 캡슐세제 20입x7팩+5개입x1팩+세탁조클리너1팩(2개입)	피지	(방송중무료체험14일) 피지[Fiji] 모락셀라 쉰내 냄새제거 캡슐세제 20입x7팩+5개입x1팩+세탁조클리너1팩(2개입)	단순	08:15	09:25	70	162838200	리빙/주방	생활/건강	104900	http://www.hnsmall.com/display/goods.do?goods_code=81180380
현대홈쇼핑	20260702	08:15	10:25	130	그리팅 밸런스식 뷰티핏 든든여름나기 패키지(총 16식)	그리팅	밸런스식 뷰티핏 든든여름나기 패키지	복합	08:15	10:25	130	624804700	일반식품	생활/건강	89900	https://www.hmall.com/md/pda/itemPtc?slitmCd=2251546228&preview=true
현대홈쇼핑	20260702	08:15	10:25	130	그리팅 밸런스식 뷰티핏 든든여름나기 패키지(총 16식)	완도전복주식회사	자이언트 왕특대 손질 자숙전복 13미 전복내장 13팩	복합	08:15	10:25	130	0	일반식품	생활/건강	69900	https://www.hmall.com/md/pda/itemPtc?slitmCd=2251226826&preview=true
현대홈쇼핑	20260702	08:15	10:25	130	그리팅 밸런스식 뷰티핏 든든여름나기 패키지(총 16식)	욕실의여왕	탈취제 더블세트	복합	08:15	10:25	130	103964000	리빙/주방	생활/건강	88800	https://www.hmall.com/md/pda/itemPtc?slitmCd=2237735578&preview=true
CJ온스타일	20260702	08:15	10:25	130	24K 클로버 볼 더블 반지+24K골드4개+14K침귀걸이+실버2캐럿목걸이+리뷰호작도0.1g2개	삼성금거래소	24K 클로버 볼 더블 반지+24K골드4개+14K침귀걸이+실버2캐럿목걸이+리뷰호작도0.1g2개	단순	08:15	10:25	130	1772579100	잡화/주얼리	패션의류	489000	https://display.cjonstyle.com/p/item/2083437221?channelCode=30002002
GS홈쇼핑	20260702	08:15	09:25	70	[방송중 20만원세일]로보 25FW 무스탕 하프코트 1종(런칭 가격 1,399,000원)	로보	[방송중 20만원세일]로보 25FW 무스탕 하프코트 1종(런칭 가격 1,399,000원)	단순	08:15	09:25	70	1191385400	의류	패션의류	1199000	https://www.gsshop.com/prd/prd.gs?prdid=1093853850&brddate=20260702081500&pgmID=13435&ordChannel=WE&tveshop=Y
공영쇼핑	20260702	08:20	09:20	60	정성곳간 뼈없는 한우 갈비탕 10팩 (7kg)	정성곳간	정성곳간 뼈없는 한우 갈비탕 10팩 (7kg)	단순	08:20	09:20	60	78469000	일반식품	식품	59900	https://www.gongyoungshop.kr/goods/selectGoodsDetail.do?prdId=11929373
NS홈쇼핑	20260702	08:25	09:31	66	보넬드토마토주스	보넬드	보넬드토마토주스	단순	08:25	09:31	66	92785100	건강식품	식품	64900	https://m.nsmall.com/goods/35907392
롯데원티비	20260702	08:30	08:36	6	[태현] 알뜰 못난이 보조개 부사사과 3kg	알뜰	[태현] 알뜰 못난이 보조개 부사사과 3kg	단순	08:30	08:36	6	1333300		식품	19900	https://www.lotteimall.com/goods/viewGoodsDetail.lotte?goods_no=12910021
KT알파쇼핑	20260702	08:31	09:33	62	(수정샵)베네통_샌들(밴드)	베네통	(수정샵)베네통_샌들(밴드)	단순	08:31	09:33	62	116051000	잡화/주얼리	패션잡화	79000	https://m.kshop.co.kr/display/product/10011174
신세계쇼핑	20260702	08:31	09:32	61	[방송에서만 이구성이가격] 파나소닉 제트워셔 NEW포터블 무선 구강세정기 1+1SET(DJ11)	파나소닉	[방송에서만 이구성이가격] 파나소닉 제트워셔 NEW포터블 무선 구강세정기 1+1SET(DJ11)	단순	08:31	09:32	61	49149000	가전	디지털/가전	129000	https://www.shinsegaetvshopping.com/display/detail/20039329
SK스토아	20260702	08:31	09:31	60	[닥터오기덤] [방송에서만] 닥터오기덤 앰플 인 마스크팩 100매	닥터오기덤	[닥터오기덤] [방송에서만] 닥터오기덤 앰플 인 마스크팩 100매	단순	08:31	09:31	60	83532600	미용	화장품/미용	49900	https://www.skstoa.com/display/goods/63124793
쇼핑엔티	20260702	08:35	09:35	60	(매장판매동일) 26SS 에꼴드파리 세미배럴핏 인견 팬츠 3종	에꼴드파리	(매장판매동일) 26SS 에꼴드파리 세미배럴핏 인견 팬츠 3종	단순	08:35	09:35	60	50917100	의류	패션의류	69900	https://www.shoppingntmall.com/display/goods/28081047
GS홈쇼핑 마이샵	20260702	08:36	09:36	60	엔니튜드 26SS 린넨 스캘럽 카라 니트 3종	엔니튜드	엔니튜드 26SS 린넨 스캘럽 카라 니트 3종	단순	08:36	09:36	60	126288300		패션의류	59900	https://www.gsshop.com/prd/prd.gs?prdid=1106957177&brddate=20260702083600&pgmID=12557&ordChannel=WE&tveshop=Y
롯데원티비	20260702	08:36	09:35	59	[OneTV][K]프리미엄 고밀도면 호주산100 여름양모 침구 풀세트	프리미엄	[OneTV][K]프리미엄 고밀도면 호주산100 여름양모 침구 풀세트	단순	08:36	09:35	59	25571100		가구/인테리어	299900	https://www.lotteimall.com/goods/viewGoodsDetail.lotte?goods_no=12905972
현대홈쇼핑 플러스샵	20260702	08:40	09:40	60	[26년신상] Calvin Klein 스포츠 여성 썸머 점퍼 1종	Calvin	[26년신상] Calvin Klein 스포츠 여성 썸머 점퍼 1종	단순	08:40	09:40	60	74635000		스포츠/레저	59000	https://www.hmall.com/md/pda/itemPtc?slitmCd=2248942351
NS홈쇼핑 샵플러스	20260702	08:41	09:42	61	오리지날리1	오리지날리	오리지날리1	단순	08:41	09:42	61	47002200		패션의류	39900	https://m.nsmall.com/goods/35999292
CJ온스타일 플러스	20260702	08:45	09:45	60	[특허받은기능성슬리퍼]바이오핏 토니 슬리퍼_토니블랙	바이오핏	[특허받은기능성슬리퍼]바이오핏 토니 슬리퍼_토니블랙	단순	08:45	09:45	60	87620400		패션잡화	39900	https://display.cjonstyle.com/p/item/2062034853
공영쇼핑	20260702	09:20	10:25	65	[키친아트 시즌3]IH팬세트(28프라이팬2개 + 28궁중팬 +24궁중팬)	키친아트	[키친아트 시즌3]IH팬세트(28프라이팬2개 + 28궁중팬 +24궁중팬)	단순	09:20	10:25	65	129315000	리빙/주방	생활/건강	69900	https://www.gongyoungshop.kr/goods/selectGoodsDetail.do?prdId=11941711
롯데홈쇼핑	20260702	09:25	10:25	60	[유난희패키지] 우롱차향 힐링 고체탈취제 6개 + 무화과 샤쉐 2개	온다숲	[유난희패키지] 우롱차향 힐링 고체탈취제 6개 + 무화과 샤쉐 2개	단순	09:25	10:25	60	443883400	리빙/주방	생활/건강	99000	https://www.lotteimall.com/goods/viewGoodsDetail.lotte?goods_no=12909828
홈앤쇼핑	20260702	09:25	10:25	60	[26년 최신상/견미리팩트] 티니올 크리미 팩트 시즌2 트리니티 에디션(본품3+리필3)	티니올	[26년 최신상/견미리팩트] 티니올 크리미 팩트 시즌2 트리니티 에디션(본품3+리필3)	단순	09:25	10:25	60	96605700	미용	화장품/미용	89900	http://www.hnsmall.com/display/goods.do?goods_code=81208090
GS홈쇼핑	20260702	09:25	10:25	60	에버콜라겐랩 모녀패키지 100% 동결건조 콜라겐 앰플 리뷰시 20주분+양우산	에버콜라겐	에버콜라겐랩 모녀패키지 100% 동결건조 콜라겐 앰플 리뷰시 20주분+양우산	단순	09:25	10:25	60	261837000	미용	식품	199000	https://www.gsshop.com/prd/prd.gs?prdid=1125876897&brddate=20260702092500&pgmID=6737&ordChannel=WE&tveshop=Y
NS홈쇼핑	20260702	09:30	10:31	61	골드카무트효소	카무트	골드카무트효소	단순	09:30	10:31	61	117222660	건강식품	식품	198000	https://m.nsmall.com/goods/35960771
SK스토아	20260702	09:31	10:31	60	(방송에서만 반값세일) 아이클리어 루테인지아잔틴 아스타잔틴 미니 12개월분 (12박스) | 원산지 : 상품정보 참조	아스타	(방송에서만 반값세일) 아이클리어 루테인지아잔틴 아스타잔틴 미니 12개월분 (12박스) | 원산지 : 상품정보 참조	단순	09:31	10:31	60	29618000	건강식품	식품	119000	https://www.skstoa.com/display/goods/63470282
KT알파쇼핑	20260702	09:31	10:13	42	(수정샵)클로리에_은컬렉션	클로리에	(수정샵)클로리에_은컬렉션	단순	09:31	10:13	42	88387000	잡화/주얼리	패션잡화	149000	https://m.kshop.co.kr/display/product/9490872
신세계쇼핑	20260702	09:32	10:32	60	★명품언니 김선희 추천★ [선택1. 신세계 단독] 리더스 아이크림*5 + (상품평시) 톤업 선크림	리더스	★명품언니 김선희 추천★ [선택1. 신세계 단독] 리더스 아이크림*5 + (상품평시) 톤업 선크림	단순	09:32	10:32	60	72376000	미용	화장품/미용	99000	https://www.shinsegaetvshopping.com/display/detail/1001787644
롯데원티비	20260702	09:35	10:35	60	[에스까다스포츠] ○ 에스카다스포츠 26SS 여성 셔링 시스루 윈드 점퍼 1종	에스까다스포츠	[에스까다스포츠] ○ 에스카다스포츠 26SS 여성 셔링 시스루 윈드 점퍼 1종	단순	09:35	10:35	60	45102000		패션의류	159000	https://www.lotteimall.com/goods/viewGoodsDetail.lotte?goods_no=12898869
쇼핑엔티	20260702	09:35	10:35	60	[방송에서만 10주분] 김오곤 원장의 한방(One Punch) 다이어트 환	김오곤	[방송에서만 10주분] 김오곤 원장의 한방(One Punch) 다이어트 환	단순	09:35	10:35	60	41184000	건강식품	식품	99000	https://www.shoppingntmall.com/display/goods/16331779
GS홈쇼핑 마이샵	20260702	09:36	10:36	60	시슬리 26SS 여성 블루종 시어 크리즈 재킷	시슬리	시슬리 26SS 여성 블루종 시어 크리즈 재킷	단순	09:36	10:36	60	111131000		패션의류	98100	https://www.gsshop.com/prd/prd.gs?prdid=1110930869&brddate=20260708045500&pgmID=12557&ordChannel=WE&tveshop=Y
현대홈쇼핑 플러스샵	20260702	09:40	10:40	60	[루나앤슬립][강력추천][4인와이드] 기능성 냉감 메쉬 소파패드 1+1세트	기능성	[루나앤슬립][강력추천][4인와이드] 기능성 냉감 메쉬 소파패드 1+1세트	단순	09:40	10:40	60	38940500		가구/인테리어	69900	https://www.hmall.com/md/pda/itemPtc?slitmCd=2250416282
NS홈쇼핑 샵플러스	20260702	09:41	10:42	61	메밀베개1	코단잠	메밀베개1	단순	09:41	10:42	61	44074700		가구/인테리어	59900	https://m.nsmall.com/goods/36024099
CJ온스타일 플러스	20260702	09:45	10:45	60	(직) [50%sale] 골드카무트 효소 12박스+파로5봉+저당밥솥	골드카무트	(직) [50%sale] 골드카무트 효소 12박스+파로5봉+저당밥솥	단순	09:45	10:45	60	73458000		식품	198000	https://display.cjonstyle.com/p/item/2087066445
KT알파쇼핑	20260702	10:10	10:33	23	(수정샵)클로리에_은컬렉션	클로리에	(수정샵)클로리에_은컬렉션	단순	10:10	10:33	23	80536000	잡화/주얼리	패션잡화	348000	https://m.kshop.co.kr/display/product/9067791
현대홈쇼핑	20260702	10:25	11:35	70	[더현대적인] 패밀리세트 비에날씬 프로 12박스+프로틴 2주+플러스 2박스(20포)+사은품 휴라이프 냉장고	에이스바이옴	[더현대적인] 패밀리세트 비에날씬 프로 12박스+프로틴 2주+플러스 2박스(20포)+사은품 휴라이프 냉장고	단순	10:25	11:35	70	203495000	건강식품	식품	699000	https://www.hmall.com/md/pda/itemPtc?slitmCd=2250960059&preview=true
공영쇼핑	20260702	10:25	11:35	70	방송에서만 [제이시글램] 시폰 재킷 블라우스 4종 	제이시글램	방송에서만 [제이시글램] 시폰 재킷 블라우스 4종 	단순	10:25	11:35	70	127134200	의류	패션의류	37900	https://www.gongyoungshop.kr/goods/selectGoodsDetail.do?prdId=11938215
CJ온스타일	20260702	10:25	11:35	70	뉴케어 구수한맛 밸런스업 6박스 144팩	대상웰라이프	뉴케어 구수한맛 밸런스업 6박스 144팩	단순	10:25	11:35	70	132661000	건강식품	식품	289000	https://display.cjonstyle.com/p/item/2064905750?channelCode=30002002
홈앤쇼핑	20260702	10:25	11:35	70	[방송에서만][H.LABEL] LINOIR 26SS 프렌치 린넨 블렌디드 가디건 3종	LINOIR	[방송에서만][H.LABEL] LINOIR 26SS 프렌치 린넨 블렌디드 가디건 3종	단순	10:25	11:35	70	233120300	의류	패션의류	59900	http://www.hnsmall.com/display/goods.do?goods_code=81041071
롯데홈쇼핑	20260702	10:25	11:35	70	[에버봄] ☆유난희 패키지☆방송에서만 1박스 더! 에버봄 노르딕 빌베리 퓨레 6+1박스(30g*12포*7박스)	에버봄	[에버봄] ☆유난희 패키지☆방송에서만 1박스 더! 에버봄 노르딕 빌베리 퓨레 6+1박스(30g*12포*7박스)	단순	10:25	11:35	70	168477000	건강식품	식품	175000	https://www.lotteimall.com/goods/viewGoodsDetail.lotte?goods_no=12912433
GS홈쇼핑	20260702	10:25	11:35	70	뉴온 매직키드 6박스	뉴온	뉴온 매직키드 6박스	단순	10:25	11:35	70	161081000	건강식품	식품	998000	https://www.gsshop.com/prd/prd.gs?prdid=1101961477&brddate=20260702102500&pgmID=13352&ordChannel=WE&tveshop=Y
NS홈쇼핑	20260702	10:30	11:31	61	에어룸침구	에어룸	에어룸침구	단순	10:30	11:31	61	91448600	리빙/주방	가구/인테리어	159900	https://m.nsmall.com/goods/35998614
SK스토아	20260702	10:31	11:31	60	여성 소로나 핀턱 팬츠 2종	여성	여성 소로나 핀턱 팬츠 2종	단순	10:31	11:31	60	42065700	의류	패션의류	49900	https://www.skstoa.com/display/goods/60551164
SK스토아	20260702	10:31	11:31	60	26SS 여성 리오셀 와이드 팬츠 2종	26SS	26SS 여성 리오셀 와이드 팬츠 2종	단순	10:31	11:31	60	25695600	의류	패션의류	39900	https://www.skstoa.com/display/goods/61136843
KT알파쇼핑	20260702	10:31	11:31	60	로지나_알부민	로지나	로지나_알부민	단순	10:31	11:31	60	64371000	건강식품	식품	258000	https://m.kshop.co.kr/display/product/9262828
신세계쇼핑	20260702	10:32	11:33	61	[론칭가 79,900원→1만원↓] 블루핏 NEW 시어니트 가디건 3종	블루핏	[론칭가 79,900원→1만원↓] 블루핏 NEW 시어니트 가디건 3종	단순	10:32	11:33	61	125053400	의류	패션의류	69900	https://www.shinsegaetvshopping.com/display/detail/20071369
롯데원티비	20260702	10:35	11:35	60	[LBL] ○(런칭가 79,000원)26SS 프렌치린넨 블렌디드 슬리브리스 니트 3종	LBL	[LBL] ○(런칭가 79,000원)26SS 프렌치린넨 블렌디드 슬리브리스 니트 3종	단순	10:35	11:35	60	38091000		패션의류	39000	https://www.lotteimall.com/goods/viewGoodsDetail.lotte?goods_no=12908517
쇼핑엔티	20260702	10:35	11:35	60	(방송에서만 3통 더) 정호영셰프의 맛좋은 백명란 400g x 5통 + 비빔용 백명란 100g x 3통	정호영셰프	(방송에서만 3통 더) 정호영셰프의 맛좋은 백명란 400g x 5통 + 비빔용 백명란 100g x 3통	단순	10:35	11:35	60	71101200	일반식품	식품	57900	https://www.shoppingntmall.com/display/goods/27583914
GS홈쇼핑 마이샵	20260702	10:36	11:36	60	오프로드 26SS 여성용 썸머 유틸리티 3종	오프로드	오프로드 26SS 여성용 썸머 유틸리티 3종	단순	10:36	11:36	60	56536700		패션의류	49900	https://www.gsshop.com/prd/prd.gs?prdid=1123930183&brddate=20260706043400&pgmID=12502&ordChannel=WE&tveshop=Y
현대홈쇼핑 플러스샵	20260702	10:40	11:20	40	[GIVERNY] 지베르니 26SS 시어서커 블라우스 재킷 3종(G605)	지베르니	[GIVERNY] 지베르니 26SS 시어서커 블라우스 재킷 3종(G605)	단순	10:40	11:20	40	40019700		패션의류	39900	https://www.hmall.com/md/pda/itemPtc?slitmCd=2250265109
NS홈쇼핑 샵플러스	20260702	10:41	11:42	61	삼성금거래소1	삼성금거래소	삼성금거래소1	단순	10:41	11:42	61	110802000		패션잡화	10759000	https://m.nsmall.com/goods/36026998
CJ온스타일 플러스	20260702	10:45	11:45	60	[역대최다구성]다이어트 유산균 9개월분+플러스60포	다이어트	[역대최다구성]다이어트 유산균 9개월분+플러스60포	단순	10:45	11:45	60	47970000		식품	548000	https://display.cjonstyle.com/p/item/2082831455
현대홈쇼핑 플러스샵	20260702	11:20	12:00	40	{발렌티노} 투트 라 브이 실크 넥스카프(9W2E6017)	{발렌티노}	{발렌티노} 투트 라 브이 실크 넥스카프(9W2E6017)	복합	11:20	12:00	40	58645000		패션의류	949000	https://www.hmall.com/md/pda/itemPtc?slitmCd=2251357627
NS홈쇼핑	20260702	11:30	12:36	66	이롬황성주생식	황성주	이롬황성주생식	단순	11:30	12:36	66	87526000	건강식품	식품	298000	https://m.nsmall.com/goods/35863993
SK스토아	20260702	11:31	12:31	60	[방송에서만]라포레 스타일 텀블러 풀세트(900ml 2개+ 600ml 1개+ 400ml 1개)	라포레	[방송에서만]라포레 스타일 텀블러 풀세트(900ml 2개+ 600ml 1개+ 400ml 1개)	단순	11:31	12:31	60	59061400	리빙/주방	생활/건강	64900	https://www.skstoa.com/display/goods/64449452
KT알파쇼핑	20260702	11:31	12:31	60	임성근_뼈없는갈비탕	임성근	임성근_뼈없는갈비탕	단순	11:31	12:31	60	109143400	일반식품	식품	59900	https://m.kshop.co.kr/display/product/3360294
SK스토아	20260702	11:31	12:31	60	(방송에서만)베르그뮐레 전동 후추 그라인더 풀세트	베르그뮐레	(방송에서만)베르그뮐레 전동 후추 그라인더 풀세트	단순	11:31	12:31	60	16504800	리빙/주방	디지털/가전	59800	https://www.skstoa.com/display/goods/64116016
신세계쇼핑	20260702	11:32	12:33	61	[방송중]최신상 이자녹스 듀얼커버 쿠션 (본품2+리필2+퍼프3)	이자녹스	[방송중]최신상 이자녹스 듀얼커버 쿠션 (본품2+리필2+퍼프3)	단순	11:32	12:33	61	56000000	미용	화장품/미용	40000	https://www.shinsegaetvshopping.com/display/detail/20070988
쇼핑엔티	20260702	11:34	12:34	60	[50％세일] H뉴트리디데이 시그니처 콜라겐 글루타치온 8병 (16개월분)	뉴트리	[50％세일] H뉴트리디데이 시그니처 콜라겐 글루타치온 8병 (16개월분)	단순	11:34	12:34	60	33245000	건강식품	식품	109000	https://www.shoppingntmall.com/display/goods/26499761
GS홈쇼핑	20260702	11:35	12:35	60	[2026마지막]AHC 2026 최신상 마스터즈 썬크림 기본구성	2026	[2026마지막]AHC 2026 최신상 마스터즈 썬크림 기본구성	단순	11:35	12:35	60	86040000	미용	화장품/미용	78000	https://www.gsshop.com/prd/prd.gs?prdid=1109089428&brddate=20260702113500&pgmID=6737&ordChannel=WE&tveshop=Y
현대홈쇼핑	20260702	11:35	12:30	55	[론칭가 69900원][AnD] 에이앤디 26SS 마린 스트라이프 티셔츠 4종	에이앤디	[론칭가 69900원][AnD] 에이앤디 26SS 마린 스트라이프 티셔츠 4종	단순	11:35	12:30	55	119926800	의류	패션의류	39900	https://www.hmall.com/md/pda/itemPtc?slitmCd=2249596066&preview=true
롯데홈쇼핑	20260702	11:35	12:35	60	[12개월분]뼈엔 MBP 12박스	엠비피	[12개월분]뼈엔 MBP 12박스	단순	11:35	12:35	60	47530000	건강식품	식품	458000	https://www.lotteimall.com/goods/viewGoodsDetail.lotte?goods_no=12791689
공영쇼핑	20260702	11:35	12:40	65	갈비장인의 국내산 돼지 수제갈비 600g*4팩	갈비장인의	갈비장인의 국내산 돼지 수제갈비 600g*4팩	단순	11:35	12:40	65	129483900	일반식품	식품	45900	https://www.gongyoungshop.kr/goods/selectGoodsDetail.do?prdId=11940124
롯데원티비	20260702	11:35	12:35	60	[슈리오] ○ 소가죽 핸드메이드 스티치 샌들	슈리오	[슈리오] ○ 소가죽 핸드메이드 스티치 샌들	단순	11:35	12:35	60	4815800		패션잡화	39800	https://www.lotteimall.com/goods/viewGoodsDetail.lotte?goods_no=12910121
CJ온스타일	20260702	11:35	12:35	60	잇몸유산균 오라틱스 (1000mg x 30정) 12개월분	오라틱스	잇몸유산균 오라틱스 (1000mg x 30정) 12개월분	단순	11:35	12:35	60	106317000	건강식품	식품	359000	https://display.cjonstyle.com/p/item/2086743955?channelCode=30002002
홈앤쇼핑	20260702	11:35	12:40	65	[방송에서만 50%] 홀베리 유기농 레몬즙 12박스(168포)	홀베리	[방송에서만 50%] 홀베리 유기농 레몬즙 12박스(168포)	단순	11:35	12:40	65	70829100	건강식품	식품	99900	http://www.hnsmall.com/display/goods.do?goods_code=79962619
GS홈쇼핑 마이샵	20260702	11:36	12:36	60	덴프스 혈당케어 프로 12개월분+10일분 더	덴프스	덴프스 혈당케어 프로 12개월분+10일분 더	단순	11:36	12:36	60	30400000		생활/건강	66000	https://www.gsshop.com/prd/prd.gs?prdid=1083204123&brddate=20260716063600&pgmID=13352&ordChannel=WE&tveshop=Y
NS홈쇼핑 샵플러스	20260702	11:41	12:42	61	에콕스1	에콕스	에콕스1	단순	11:41	12:42	61	49066320		패션의류	59910	https://m.nsmall.com/goods/35869006
CJ온스타일 플러스	20260702	11:45	12:15	30	[최초가79,900원]26S/S 크로셰 롱 베스트가디건 2종	26S/S	[최초가79,900원]26S/S 크로셰 롱 베스트가디건 2종	복합	11:45	12:15	30	47847200		패션의류	39900	https://display.cjonstyle.com/p/item/2082699599
현대홈쇼핑 플러스샵	20260702	12:00	12:40	40	로라애슐리 암막 양우산 세트(엘더우드+오드리+손수건)	로라애슐리	로라애슐리 암막 양우산 세트(엘더우드+오드리+손수건)	단순	12:00	12:40	40	33410800		패션잡화	59900	https://www.hmall.com/md/pda/itemPtc?slitmCd=2250717611
CJ온스타일 플러스	20260702	12:15	12:45	30	[최초가69,900원]26SS 올데이코어 린넨 코튼 티셔츠 5종	26SS	[최초가69,900원]26SS 올데이코어 린넨 코튼 티셔츠 5종	복합	12:15	12:45	30	38188300		패션의류	69900	https://display.cjonstyle.com/p/item/2081350934
현대홈쇼핑	20260702	12:30	13:25	55	[53%빅세일] 테팔 인텐시브 블랙 프라이팬 5종 세트	테팔	[53%빅세일] 테팔 인텐시브 블랙 프라이팬 5종 세트	단순	12:30	13:25	55	104833000	리빙/주방	생활/건강	79000	https://www.hmall.com/md/pda/itemPtc?slitmCd=2251232176&preview=true
SK스토아	20260702	12:31	13:31	60	전설의 패치 프리미엄 (총240매) 준대형 40매X4 + 2세트 스포츠테이핑 운동 테이프 파스	전설의	전설의 패치 프리미엄 (총240매) 준대형 40매X4 + 2세트 스포츠테이핑 운동 테이프 파스	단순	12:31	13:31	60	23003900	리빙/주방	생활/건강	49900	https://www.skstoa.com/display/goods/41916161
SK스토아	20260702	12:31	13:31	60	★방송에서만★샤프란 시어서커 이불 3+1장 세트	★방송에서만★샤프란	★방송에서만★샤프란 시어서커 이불 3+1장 세트	단순	12:31	13:31	60	37488300	리빙/주방	가구/인테리어	89900	https://www.skstoa.com/display/goods/63066435
KT알파쇼핑	20260702	12:31	13:33	62	한일_서큘레이터(유선)	한일	한일_서큘레이터(유선)	단순	12:31	13:33	62	55211000	가전	디지털/가전	79000	https://m.kshop.co.kr/display/product/9706647
신세계쇼핑	20260702	12:33	13:33	60	[K]★방송에서만★박술녀 풍기인견 침구 풀세트 (26년 최신상)	풍기인견	[K]★방송에서만★박술녀 풍기인견 침구 풀세트 (26년 최신상)	단순	12:33	13:33	60	47977000	언더웨어	가구/인테리어	209000	https://www.shinsegaetvshopping.com/display/detail/1000861006
쇼핑엔티	20260702	12:34	13:34	60	26SS 레드캠프 스트레치 냉감 남성 팬츠 3종	레드캠프	26SS 레드캠프 스트레치 냉감 남성 팬츠 3종	단순	12:34	13:34	60	35929000	의류	패션의류	59900	https://www.shoppingntmall.com/display/goods/27962749
롯데홈쇼핑	20260702	12:35	13:35	60	[메리츠화재] 메리츠화재 받고 또 받는 암보험	메리츠화재	[메리츠화재] 메리츠화재 받고 또 받는 암보험	단순	12:35	13:35	60	0	보험	도서	0	https://www.lotteimall.com/goods/viewGoodsDetail.lotte?goods_no=12910985
NS홈쇼핑	20260702	12:35	13:31	56	삼성에어컨	삼성	삼성에어컨	단순	12:35	13:31	56	141629000	가전	디지털/가전	2299000	https://m.nsmall.com/goods/35987939
GS홈쇼핑	20260702	12:35	13:35	60	쏘내추럴 26SS 프렌치 린넨 100 가디건	쏘내추럴	쏘내추럴 26SS 프렌치 린넨 100 가디건	단순	12:35	13:35	60	187435800	의류	패션의류	59900	https://www.gsshop.com/prd/prd.gs?prdid=1107403825&brddate=20260702123500&pgmID=13466&ordChannel=WE&tveshop=Y
롯데원티비	20260702	12:35	12:40	5	[핫딜] 베지밀 검은콩 고칼슘 두유 190ml x 48팩	베지밀	[핫딜] 베지밀 검은콩 고칼슘 두유 190ml x 48팩	단순	12:35	12:40	5	236000		식품	29500	https://www.lotteimall.com/goods/viewGoodsDetail.lotte?goods_no=12827793
CJ온스타일	20260702	12:35	13:35	60	[10만원SALE]SK_아이스블랑 국내100% 냉감 풀세트	까사리빙	[10만원SALE]SK_아이스블랑 국내100% 냉감 풀세트	단순	12:35	13:35	60	83198100	리빙/주방	가구/인테리어	249900	https://display.cjonstyle.com/p/item/2082089290?channelCode=30002002
GS홈쇼핑 마이샵	20260702	12:36	13:37	61	삭루츠 벨로엔 자동 우양산 2종	삭루츠	삭루츠 벨로엔 자동 우양산 2종	단순	12:36	13:37	61	71444200		패션잡화	69900	https://www.gsshop.com/prd/prd.gs?prdid=1123396575&brddate=20260702123600&pgmID=6736&ordChannel=WE&tveshop=Y
공영쇼핑	20260702	12:40	13:40	60	★기획특가★ [아가타] 완전자동 3단 양우산 더블세트 (플라워+솔리드)	★기획특가★	★기획특가★ [아가타] 완전자동 3단 양우산 더블세트 (플라워+솔리드)	단순	12:40	13:40	60	70902300	리빙/주방	생활/건강	39900	https://www.gongyoungshop.kr/goods/selectGoodsDetail.do?prdId=11939474
홈앤쇼핑	20260702	12:40	13:30	50	[실크테라피]본드앤리페어 대용량6개+중용량1개+샤인트리트먼트1개+써큘레이터1개	실크테라피	[실크테라피]본드앤리페어 대용량6개+중용량1개+샤인트리트먼트1개+써큘레이터1개	단순	12:40	13:30	50	62678000	미용	화장품/미용	129000	http://www.hnsmall.com/display/goods.do?goods_code=81295924
롯데원티비	20260702	12:40	13:40	60	[바스키아] O 바스키아 26SS 여성 트리플 셋업 3종 (반팔 점퍼 + 반바지 + 긴바지)	바스키아	[바스키아] O 바스키아 26SS 여성 트리플 셋업 3종 (반팔 점퍼 + 반바지 + 긴바지)	단순	12:40	13:40	60	13173600		패션의류	49900	https://www.lotteimall.com/goods/viewGoodsDetail.lotte?goods_no=12911581
현대홈쇼핑 플러스샵	20260702	12:40	13:40	60	준우젬 24K 천연석 트리플링 팔찌+24K 순금볼 리얼 담수 진주 팔찌	준우젬	준우젬 24K 천연석 트리플링 팔찌+24K 순금볼 리얼 담수 진주 팔찌	단순	12:40	13:40	60	79181000		패션잡화	149000	https://www.hmall.com/md/pda/itemPtc?slitmCd=2251004000
NS홈쇼핑 샵플러스	20260702	12:41	13:43	62	마데카크림1	마데카크림1	마데카크림1	복합	12:41	13:43	62	23044500		화장품/미용	89100	https://m.nsmall.com/goods/35868573
CJ온스타일 플러스	20260702	12:45	13:45	60	[최초가 59,900원] 26SS 콤드 코튼 포인텔 티셔츠 3종	26SS	[최초가 59,900원] 26SS 콤드 코튼 포인텔 티셔츠 3종	단순	12:45	13:45	60	82765200		패션의류	39900	https://display.cjonstyle.com/p/item/2079201186
현대홈쇼핑	20260702	13:25	14:05	40	현대해상 두배받는암보험	현대해상	현대해상 두배받는암보험	단순	13:25	14:05	40	477815190	보험	여가/생활편의	1426314	https://www.hmall.com/md/pda/itemPtc?slitmCd=2206929114&preview=true
NS홈쇼핑	20260702	13:30	13:51	21	보험	굿리치X흥국화재	보험	단순	13:30	13:51	21	0	보험	여가/생활편의	0	https://m.nsmall.com/goods/36030041
홈앤쇼핑	20260702	13:30	14:20	50	[앱 1만원 적립] 최신상 이자녹스 트리플 트루셀 기초세트(토너3+에멀전3+크림3+기미케어 에센스3)	이자녹스	[앱 1만원 적립] 최신상 이자녹스 트리플 트루셀 기초세트(토너3+에멀전3+크림3+기미케어 에센스3)	단순	13:30	14:20	50	38078000	미용	화장품/미용	158000	http://www.hnsmall.com/display/goods.do?goods_code=78662878
SK스토아	20260702	13:31	14:31	60	(더블)하이드로피니셔 헤어볼륨수분크림 150ml 4개+(방송에서만)(무료체험)150ml 1개	하이드로피니셔	(더블)하이드로피니셔 헤어볼륨수분크림 150ml 4개+(방송에서만)(무료체험)150ml 1개	단순	13:31	14:31	60	46377000	미용	화장품/미용	69000	https://www.skstoa.com/display/goods/64933922
SK스토아	20260702	13:31	14:31	60	[전고객 고급우양산] 보스티나 더 플러스! 본품 10박스+앰플 10매+빗 5개	보스티나	[전고객 고급우양산] 보스티나 더 플러스! 본품 10박스+앰플 10매+빗 5개	단순	13:31	14:31	60	11835000	미용	화장품/미용	79900	https://www.skstoa.com/display/goods/50995373
KT알파쇼핑	20260702	13:31	14:33	62	참진한_서리태콩물	참진한	참진한_서리태콩물	단순	13:31	14:33	62	44218500	일반식품	식품	71900	https://m.kshop.co.kr/display/product/9466283
신세계쇼핑	20260702	13:33	14:34	61	[2만원 가격인하 79,900 → 59,900] 모브온 26SS 인견 카라니트 3종 (여름 최신상!)	모브온	[2만원 가격인하 79,900 → 59,900] 모브온 26SS 인견 카라니트 3종 (여름 최신상!)	단순	13:33	14:34	61	62535700	의류	패션의류	59900	https://www.shinsegaetvshopping.com/display/detail/20072712
쇼핑엔티	20260702	13:34	14:34	60	[방송에서만 이 가격!]한일 올인원 블렌더	한일	[방송에서만 이 가격!]한일 올인원 블렌더	단순	13:34	14:34	60	26244800	가전	디지털/가전	79800	https://www.shoppingntmall.com/display/goods/27967308
GS홈쇼핑	20260702	13:35	14:35	60	관절엔 콘드로이친1200 4개월분 (900mg x 60정 x 4박스)	관절엔 콘드로이친	관절엔 콘드로이친1200 4개월분 (900mg x 60정 x 4박스)	단순	13:35	14:35	60	251048000	건강식품	식품	268000	https://www.gsshop.com/prd/prd.gs?prdid=1048082713&brddate=20260702133500&pgmID=13352&ordChannel=WE&tveshop=Y
CJ온스타일	20260702	13:35	14:35	60	[바캉스팩] 퍼펙트 UV 선스크린 골드밀크 NA 60ml 4개 + 선스프레이 60g 1개	아넷사	[바캉스팩] 퍼펙트 UV 선스크린 골드밀크 NA 60ml 4개 + 선스프레이 60g 1개	단순	13:35	14:35	60	51431000	미용	화장품/미용	99000	https://display.cjonstyle.com/p/item/2081805564?channelCode=30002002
롯데홈쇼핑	20260702	13:35	14:35	60	[더마시모] ★방송중에만★[역대최대용량패키지] 리덴실 스칼프 샴푸 1000ml  4통 + 전고객 450ml 1통 더	더마시모	[더마시모] ★방송중에만★[역대최대용량패키지] 리덴실 스칼프 샴푸 1000ml  4통 + 전고객 450ml 1통 더	단순	13:35	14:35	60	78436000	미용	화장품/미용	199000	https://www.lotteimall.com/goods/viewGoodsDetail.lotte?goods_no=12912195
GS홈쇼핑 마이샵	20260702	13:37	14:38	61	쏘내추럴 26SS Naia 아세테이트 100 블라우스 2종 [런칭 가격 79,900원]	쏘내추럴	쏘내추럴 26SS Naia 아세테이트 100 블라우스 2종 [런칭 가격 79,900원]	단순	13:37	14:38	61	129314600		패션의류	69900	https://www.gsshop.com/prd/prd.gs?prdid=1107886750&brddate=20260702133700&pgmID=13307&ordChannel=WE&tveshop=Y
롯데원티비	20260702	13:40	14:21	41	[스와니브 뿌리는 앰플] 쌀겨수 PDRN 앰플 미스트 150ml*3통 + (방송에서만) 미스트 150ml*1통 + 여행용 미스트 80ml*2통	쌀겨수	[스와니브 뿌리는 앰플] 쌀겨수 PDRN 앰플 미스트 150ml*3통 + (방송에서만) 미스트 150ml*1통 + 여행용 미스트 80ml*2통	단순	13:40	14:21	41	4091800		화장품/미용	49900	https://www.lotteimall.com/goods/viewGoodsDetail.lotte?goods_no=12905952
공영쇼핑	20260702	13:40	14:45	65	제주산 당찬여주 발효효소(10+1개월)	제주산	제주산 당찬여주 발효효소(10+1개월)	단순	13:40	14:45	65	87580000	일반식품	식품	198000	https://www.gongyoungshop.kr/goods/selectGoodsDetail.do?prdId=11948357
현대홈쇼핑 플러스샵	20260702	13:40	14:20	40	김오곤 원장의 한방(Onepunch) 다이어트환 4+1박스(총10주분)	김오곤	김오곤 원장의 한방(Onepunch) 다이어트환 4+1박스(총10주분)	단순	13:40	14:20	40	18612000		식품	98000	https://www.hmall.com/md/pda/itemPtc?slitmCd=2233363992
NS홈쇼핑 샵플러스	20260702	13:41	14:43	62	백명란1	온정담	백명란1	단순	13:41	14:43	62	47453400		식품	49900	https://m.nsmall.com/goods/35959373
CJ온스타일 플러스	20260702	13:45	14:45	60	[온플] (무)AIA 원스톱 프리미엄 암보험	AIA	[온플] (무)AIA 원스톱 프리미엄 암보험	단순	13:45	14:45	60	0		여가/생활편의	0	https://display.cjonstyle.com/p/item/2076236358
NS홈쇼핑	20260702	13:50	14:11	21	보험 2부	굿리치X흥국화재	보험 2부	단순	13:50	14:11	21	0	보험	여가/생활편의	0	https://m.nsmall.com/goods/36030041
현대홈쇼핑	20260702	14:05	15:45	100	(19+6) 삼성 AI Q9000 에어컨 홈멀티형 [AF60F19D11GRT]	삼성	(19+6) 삼성 AI Q9000 에어컨 홈멀티형 [AF60F19D11GRT]	단순	14:05	15:45	100	156173000	가전	디지털/가전	2299000	https://www.hmall.com/md/pda/itemPtc?slitmCd=2251740959&preview=true
NS홈쇼핑	20260702	14:10	14:31	21	보험 3부	굿리치X흥국화재	보험 3부	단순	14:10	14:31	21	0	보험	여가/생활편의	0	https://m.nsmall.com/goods/36030041
홈앤쇼핑	20260702	14:20	15:10	50	[르꽁뜨바이헤어]에어 쿨링 펌 고데기 + 헤어 볼륨 에센스 150ml	르꽁뜨	[르꽁뜨바이헤어]에어 쿨링 펌 고데기 + 헤어 볼륨 에센스 150ml	단순	14:20	15:10	50	23011200	미용	화장품/미용	79900	http://www.hnsmall.com/display/goods.do?goods_code=81065250
현대홈쇼핑 플러스샵	20260702	14:20	15:00	40	[안국약품]토비콤 루테인지아잔틴 아스타잔틴 12개월(12박스x150mgx30캡슐)	토비콤	[안국약품]토비콤 루테인지아잔틴 아스타잔틴 12개월(12박스x150mgx30캡슐)	단순	14:20	15:00	40	17284000		식품	148000	https://www.hmall.com/md/pda/itemPtc?slitmCd=2238050566
롯데원티비	20260702	14:21	15:01	40	[크리넥스] ★방송특가★ 3겹 데코&소프트 수딩플러스 3팩( 27m 24롤*3팩 )	★방송특가★	[크리넥스] ★방송특가★ 3겹 데코&소프트 수딩플러스 3팩( 27m 24롤*3팩 )	복합	14:21	15:01	40	7490000		생활/건강	53500	https://www.lotteimall.com/goods/viewGoodsDetail.lotte?goods_no=12874180
NS홈쇼핑	20260702	14:30	15:32	62	엘렌실라마스크팩	엘렌실라	엘렌실라마스크팩	단순	14:30	15:32	62	26001430	미용	화장품/미용	79900	https://m.nsmall.com/goods/36031910
SK스토아	20260702	14:31	15:31	60	(최대용량)슈퍼비타 스크럽 바디워시(500g*5 + 200g*2)	슈퍼비타	(최대용량)슈퍼비타 스크럽 바디워시(500g*5 + 200g*2)	단순	14:31	15:31	60	25277800	미용	화장품/미용	59900	https://www.skstoa.com/display/goods/63759397
SK스토아	20260702	14:31	15:31	60	26SS 라렌느 인견 쿨링 와이드 팬츠 4종	26SS	26SS 라렌느 인견 쿨링 와이드 팬츠 4종	단순	14:31	15:31	60	17790300	의류	패션의류	59900	https://www.skstoa.com/display/goods/63526684
KT알파쇼핑	20260702	14:32	15:32	60	동국제약_마데카크림	동국제약	동국제약_마데카크림	단순	14:32	15:32	60	51097600	미용	화장품/미용	49900	https://m.kshop.co.kr/display/product/9048279
신세계쇼핑	20260702	14:33	15:34	61	[최다구성](방송에서만) 이지드롭 시즌3 변기클리너 스페셜 패키지 168회분 세트 (핸들2개,케이스2개,클리너 리필 13팩, 무료체험 12회분)	이지드롭	[최다구성](방송에서만) 이지드롭 시즌3 변기클리너 스페셜 패키지 168회분 세트 (핸들2개,케이스2개,클리너 리필 13팩, 무료체험 12회분)	단순	14:33	15:34	61	9969100	미용	생활/건강	49800	https://www.shinsegaetvshopping.com/display/detail/20061415
신세계쇼핑	20260702	14:33	15:34	61	루나앤슬립 메쉬 냉감 소파패드 2종 (와이드4인)	루나앤슬립	루나앤슬립 메쉬 냉감 소파패드 2종 (와이드4인)	단순	14:33	15:34	61	34107400	리빙/주방	가구/인테리어	69900	https://www.shinsegaetvshopping.com/display/detail/1000793277
쇼핑엔티	20260702	14:34	15:33	59	26SS ODV 소프트 볼륨 팬츠 3종	26SS	26SS ODV 소프트 볼륨 팬츠 3종	단순	14:34	15:33	59	29682300	의류	패션의류	49900	https://www.shoppingntmall.com/display/goods/27963056
GS홈쇼핑	20260702	14:35	15:35	60	유아굿 여성 플라워 플리츠 원피스 3종 (반팔or민소매 택1)	유아굿	유아굿 여성 플라워 플리츠 원피스 3종 (반팔or민소매 택1)	단순	14:35	15:35	60	141285900	의류	패션의류	39900	https://www.gsshop.com/prd/prd.gs?prdid=1080190109&brddate=20260702143500&pgmID=12502&ordChannel=WE&tveshop=Y
CJ온스타일	20260702	14:35	15:30	55	LG 휘센 쿨 프로 에어컨 4시리즈 18+6 2IN1공기청정 FQ18GC4EK2	LG전자	LG 휘센 쿨 프로 에어컨 4시리즈 18+6 2IN1공기청정 FQ18GC4EK2	단순	14:35	15:30	55	110430500	가전	디지털/가전	2830000	https://display.cjonstyle.com/p/item/2086464470?channelCode=30002002
롯데홈쇼핑	20260702	14:35	14:40	5	[태현] 알뜰 못난이 보조개 부사사과 3kg	태현	[태현] 알뜰 못난이 보조개 부사사과 3kg	단순	14:35	14:40	5	4397900	일반식품	식품	19900	https://www.lotteimall.com/goods/viewGoodsDetail.lotte?goods_no=12911082
GS홈쇼핑 마이샵	20260702	14:37	15:38	61	하이랜드 프레쉬 100% 블루베리 착즙 주스 48팩 120mL	하이랜드	하이랜드 프레쉬 100% 블루베리 착즙 주스 48팩 120mL	단순	14:37	15:38	61	35307300		식품	97900	https://www.gsshop.com/prd/prd.gs?prdid=1103304061&brddate=20260710025100&pgmID=6997&ordChannel=WE&tveshop=Y
롯데홈쇼핑	20260702	14:40	16:30	110	[바이브리짓] 26SS 인견 혼방 슬리브리스 브라탑 3종(헨리넥1종+라운드넥2종)	베리에	[바이브리짓] 26SS 인견 혼방 슬리브리스 브라탑 3종(헨리넥1종+라운드넥2종)	단순	14:40	16:30	110	222373600	의류	패션의류	39900	https://www.lotteimall.com/goods/viewGoodsDetail.lotte?goods_no=12900159
NS홈쇼핑 샵플러스	20260702	14:41	15:42	61	복숭아1	열매나무	복숭아1	단순	14:41	15:42	61	27833400		식품	32900	https://m.nsmall.com/goods/36025182
CJ온스타일 플러스	20260702	14:45	15:45	60	24K비너스 체인 목걸이+[방송에서만24K하트팬던트]+주얼리3종+24K0.05g2개+리뷰0.01g2개	24K비너스	24K비너스 체인 목걸이+[방송에서만24K하트팬던트]+주얼리3종+24K0.05g2개+리뷰0.01g2개	복합	14:45	15:45	60	115611000		패션잡화	4140000	https://display.cjonstyle.com/p/item/2087661343
공영쇼핑	20260702	14:45	15:40	55	[바네사리찌]크레오라 아트 티블라우스 5종 	바네사리찌	[바네사리찌]크레오라 아트 티블라우스 5종 	단순	14:45	15:40	55	91610400	의류	패션의류	39900	https://www.gongyoungshop.kr/goods/selectGoodsDetail.do?prdId=11939458
현대홈쇼핑 플러스샵	20260702	15:00	16:00	60	[874천원 상당 사은품][26년 최신상] 코웨이 아이콘3/얼음정수기 렌탈	코웨이	[874천원 상당 사은품][26년 최신상] 코웨이 아이콘3/얼음정수기 렌탈	단순	15:00	16:00	60	299772000		여가/생활편의	2725200	https://www.hmall.com/md/pda/itemPtc?slitmCd=2250862374
롯데원티비	20260702	15:01	15:41	40	[삭루츠] ○ 벨로엔 자동 우양산 2종 세트	삭루츠	[삭루츠] ○ 벨로엔 자동 우양산 2종 세트	단순	15:01	15:41	40	26953100		패션의류	69900	https://www.lotteimall.com/goods/viewGoodsDetail.lotte?goods_no=12905674
홈앤쇼핑	20260702	15:10	16:00	50	[춘천명물]참푸드 춘천 양념 닭갈비 300g x 4팩+간장 닭목살 300g x 2팩 + 닭갈비소스 1개	참푸드	[춘천명물]참푸드 춘천 양념 닭갈비 300g x 4팩+간장 닭목살 300g x 2팩 + 닭갈비소스 1개	단순	15:10	16:00	50	41561000	일반식품	식품	29900	http://www.hnsmall.com/display/goods.do?goods_code=80542026
CJ온스타일	20260702	15:30	16:30	60	백복령팩 집중관리패키지(대용량9통+스파출라1)	리터니티	백복령팩 집중관리패키지(대용량9통+스파출라1)	단순	15:30	16:30	60	122724000	미용	화장품/미용	168000	https://display.cjonstyle.com/p/item/2081769175?channelCode=30002002
NS홈쇼핑	20260702	15:30	16:10	40	도미솔김치	도미솔김치	도미솔김치	단순	15:30	16:10	40	127079880	일반식품	식품	59900	https://m.nsmall.com/goods/35086566
SK스토아	20260702	15:31	16:31	60	워커힐 토종닭 백숙 1.45kgx4팩 + 누룽지 40gx4팩 | 원산지 : 상품정보 참조	워커힐	워커힐 토종닭 백숙 1.45kgx4팩 + 누룽지 40gx4팩 | 원산지 : 상품정보 참조	단순	15:31	16:31	60	46327700	일반식품	식품	66900	https://www.skstoa.com/display/goods/65081939
SK스토아	20260702	15:31	16:31	60	[초특가] 무엘올리바 엑스트라버진 올리브오일 500ML 5병 | 원산지 : 상품정보 참조	무엘올리바	[초특가] 무엘올리바 엑스트라버진 올리브오일 500ML 5병 | 원산지 : 상품정보 참조	단순	15:31	16:31	60	23103500	일반식품	식품	59900	https://www.skstoa.com/display/goods/64724230
KT알파쇼핑	20260702	15:32	16:32	60	트렉스타_8부팬츠	트렉스타	트렉스타_8부팬츠	단순	15:32	16:32	60	106262600	의류	패션의류	59900	https://m.kshop.co.kr/display/product/8739555
쇼핑엔티	20260702	15:33	16:33	60	26SS 바띠 인견 크링클 셔츠 3종	26SS	26SS 바띠 인견 크링클 셔츠 3종	단순	15:33	16:33	60	80957500	의류	패션의류	69900	https://www.shoppingntmall.com/display/goods/27814696
신세계쇼핑	20260702	15:34	16:34	60	[방송에서만] 더루핀랩 서리태 콩물두유 20팩 x 3박스 (총 60팩/190ml) 	더루핀랩	[방송에서만] 더루핀랩 서리태 콩물두유 20팩 x 3박스 (총 60팩/190ml) 	단순	15:34	16:34	60	56374900	일반식품	식품	59900	https://www.shinsegaetvshopping.com/display/detail/20072546
신세계쇼핑	20260702	15:34	16:34	60	[미도원]100프로 제주산 메밀면세트 (메밀면 150g x 13팩 + 냉면육수 350g x 8팩 + 귤림양념장 50g x 5팩)	미도원	[미도원]100프로 제주산 메밀면세트 (메밀면 150g x 13팩 + 냉면육수 350g x 8팩 + 귤림양념장 50g x 5팩)	단순	15:34	16:34	60	27533800	일반식품	식품	59900	https://www.shinsegaetvshopping.com/display/detail/20064602
GS홈쇼핑	20260702	15:35	16:35	60	최신상 메노락토 오리진 3개월분 갱년기유산균 YT1	메노락토	최신상 메노락토 오리진 3개월분 갱년기유산균 YT1	단순	15:35	16:35	60	82052000	건강식품	식품	159000	https://www.gsshop.com/prd/prd.gs?prdid=1098376482&brddate=20260702153500&pgmID=13352&ordChannel=WE&tveshop=Y
GS홈쇼핑 마이샵	20260702	15:38	17:38	120	아쿠아스큐텀 26SS 쿨맥스 시어서커 원피스	아쿠아스큐텀	아쿠아스큐텀 26SS 쿨맥스 시어서커 원피스	단순	15:38	17:38	120	201210900		패션의류	79900	https://www.gsshop.com/prd/prd.gs?prdid=1112289270&brddate=20260702153800&pgmID=13307&ordChannel=WE&tveshop=Y
공영쇼핑	20260702	15:40	16:40	60	제주 손질 백조기 150g x 18마리 / 총 2.7kg	제주	제주 손질 백조기 150g x 18마리 / 총 2.7kg	단순	15:40	16:40	60	57879900	일반식품	식품	45900	https://www.gongyoungshop.kr/goods/selectGoodsDetail.do?prdId=11942666
NS홈쇼핑 샵플러스	20260702	15:41	16:42	61	수미감자1	26년	수미감자1	단순	15:41	16:42	61	38571000		식품	29900	https://m.nsmall.com/goods/35997157
롯데원티비	20260702	15:41	16:41	60	[빨간스캔들] ★방송에서만 반값세일★ 빨간스캔들 RED 유기농 석류+ 10박스 (20g x 10포 x 10박스)	★방송에서만	[빨간스캔들] ★방송에서만 반값세일★ 빨간스캔들 RED 유기농 석류+ 10박스 (20g x 10포 x 10박스)	단순	15:41	16:41	60	6237000		식품	99000	https://www.lotteimall.com/goods/viewGoodsDetail.lotte?goods_no=12906716
현대홈쇼핑	20260702	15:45	16:35	50	[5480ml 역/대/급 용량] 바이아우어 자연유래88 바디워시	바이아우어	[5480ml 역/대/급 용량] 바이아우어 자연유래88 바디워시	단순	15:45	16:35	50	97696900	미용	화장품/미용	59900	https://www.hmall.com/md/pda/itemPtc?slitmCd=2251231868&preview=true
CJ온스타일 플러스	20260702	15:45	16:45	60	[최초가79,900]26SS 마스터핏 린넨블렌디드 스판데님	26SS	[최초가79,900]26SS 마스터핏 린넨블렌디드 스판데님	단순	15:45	16:45	60	109528600		패션의류	59900	https://display.cjonstyle.com/p/item/2083419233
현대홈쇼핑 플러스샵	20260702	16:00	16:40	40	[RCB폴로클럽] 26SS 남녀공용 반팔티셔츠 5종 (R606)	26SS	[RCB폴로클럽] 26SS 남녀공용 반팔티셔츠 5종 (R606)	단순	16:00	16:40	40	28153000		패션의류	59900	https://www.hmall.com/md/pda/itemPtc?slitmCd=2248894836
홈앤쇼핑	20260702	16:00	16:50	50	(80g/ 8팩 더)신덕재 명인의 손두부&순두부 세트(8팩(500g)+두부틀1+ 면포2	신덕재	(80g/ 8팩 더)신덕재 명인의 손두부&순두부 세트(8팩(500g)+두부틀1+ 면포2	단순	16:00	16:50	50	13770900	일반식품	식품	42900	http://www.hnsmall.com/display/goods.do?goods_code=80294743
NS홈쇼핑	20260702	16:10	16:50	40	하림뼈없는닭발	하림	하림뼈없는닭발	단순	16:10	16:50	40	66269590	일반식품	식품	46900	https://m.nsmall.com/goods/36027907
CJ온스타일	20260702	16:30	17:30	60	[최초2만원인하] 26SS 크로셰 앙상블 2종	더엣지	[최초2만원인하] 26SS 크로셰 앙상블 2종	단순	16:30	17:30	60	209649500	의류	패션의류	49900	https://display.cjonstyle.com/p/item/2081352666?channelCode=30002002
롯데홈쇼핑	20260702	16:30	17:30	60	[덴프스] ♥최신상♥ 비타민+루테인+밀크씨슬 한번에! [더블] 덴프스 트루바이타민 올인원 10박스	덴프스	[덴프스] ♥최신상♥ 비타민+루테인+밀크씨슬 한번에! [더블] 덴프스 트루바이타민 올인원 10박스	단순	16:30	17:30	60	56428000	건강식품	식품	268000	https://www.lotteimall.com/goods/viewGoodsDetail.lotte?goods_no=12894471
SK스토아	20260702	16:31	17:31	60	[50프로세일] 콘드로이친 1200 콘레이티+MBP + K2 12박스(12개월분) | 원산지 : 상품정보 참조	콘드로이친	[50프로세일] 콘드로이친 1200 콘레이티+MBP + K2 12박스(12개월분) | 원산지 : 상품정보 참조	단순	16:31	17:31	60	63778500	건강식품	식품	164500	https://www.skstoa.com/display/goods/43199350
KT알파쇼핑	20260702	16:32	17:32	60	닥터린_콘드로이친K2	닥터린	닥터린_콘드로이친K2	단순	16:32	17:32	60	45316000	건강식품	식품	164500	https://m.kshop.co.kr/display/product/8738930
쇼핑엔티	20260702	16:33	17:32	59	대구 돼지생막창 10팩+막장 5팩+매운장 5팩	대구	대구 돼지생막창 10팩+막장 5팩+매운장 5팩	단순	16:33	17:32	59	63161700	일반식품	식품	39900	https://www.shoppingntmall.com/display/goods/28229080
신세계쇼핑	20260702	16:34	17:34	60	울시 26SS 여성 에어홀 점퍼	울시	울시 26SS 여성 에어홀 점퍼	단순	16:34	17:34	60	91197600	의류	패션의류	69900	https://www.shinsegaetvshopping.com/display/detail/20071755
현대홈쇼핑	20260702	16:35	17:30	55	여에스더 리포좀 NMN 파이토에스 울트라 X 12+4박스(16개월)	에스더포뮬러	여에스더 리포좀 NMN 파이토에스 울트라 X 12+4박스(16개월)	단순	16:35	17:30	55	97518000	건강식품	식품	318000	https://www.hmall.com/md/pda/itemPtc?slitmCd=2245528023&preview=true
GS홈쇼핑	20260702	16:35	17:35	60	하루틴 리포좀 비타민C 프로 6박스	하루틴	하루틴 리포좀 비타민C 프로 6박스	단순	16:35	17:35	60	88332000	건강식품	식품	209000	https://www.gsshop.com/prd/prd.gs?prdid=1127929985&brddate=20260702163500&pgmID=13352&ordChannel=WE&tveshop=Y
공영쇼핑	20260702	16:40	17:40	60	[이은투어] 울릉도 2박3일	울릉도	[이은투어] 울릉도 2박3일	단순	16:40	17:40	60	0	여행	여가/생활편의	0	https://www.gongyoungshop.kr/goods/selectGoodsDetail.do?prdId=11948512
현대홈쇼핑 플러스샵	20260702	16:40	17:20	40	[제주도맛집] 메밀밭에가시리 제주 메밀햠량100% 진메밀면 8팩 (1팩 150g)	메밀밭에가시리	[제주도맛집] 메밀밭에가시리 제주 메밀햠량100% 진메밀면 8팩 (1팩 150g)	단순	16:40	17:20	40	18433800		식품	39900	https://www.hmall.com/md/pda/itemPtc?slitmCd=2251712589
NS홈쇼핑 샵플러스	20260702	16:41	17:42	61	임성근소곱창전골1	조리기능장	임성근소곱창전골1	단순	16:41	17:42	61	66665300		식품	49900	https://m.nsmall.com/goods/36000301
롯데원티비	20260702	16:41	17:41	60	[10인용]쿠쿠 화이트스톤 브라운스톤 압력 밥솥(CRP-R1095FGW/FGB)+[특별구성]전용 패킹+칼 5종+3단 찜기	쿠쿠	[10인용]쿠쿠 화이트스톤 브라운스톤 압력 밥솥(CRP-R1095FGW/FGB)+[특별구성]전용 패킹+칼 5종+3단 찜기	단순	16:41	17:41	60	17536000		디지털/가전	268000	https://www.lotteimall.com/goods/viewGoodsDetail.lotte?goods_no=12832731
CJ온스타일 플러스	20260702	16:45	17:45	60	조리기능장 의 진 삼계탕 1kg x 8+2팩 (방송에서만 2팩더)	조리기능장	조리기능장 의 진 삼계탕 1kg x 8+2팩 (방송에서만 2팩더)	단순	16:45	17:45	60	88572500		식품	49900	https://display.cjonstyle.com/p/item/2082078723
NS홈쇼핑	20260702	16:50	17:40	50	꽃게장	국내산	꽃게장	단순	16:50	17:40	50	143712000	일반식품	생활/건강	49900	https://m.nsmall.com/goods/36032730
홈앤쇼핑	20260702	16:50	17:40	50	[도미솔/5종 11kg]사랑채포기김치5kg+열무김치2kg+오이통김치1kg+왕자총각김치2kg+파김치1Kg	사랑채포기김치5kg+열무김치2kg+오이통김치1kg+왕자총각김치2kg+파김치1Kg	[도미솔/5종 11kg]사랑채포기김치5kg+열무김치2kg+오이통김치1kg+왕자총각김치2kg+파김치1Kg	단순	16:50	17:40	50	89850000	일반식품	식품	59900	http://www.hnsmall.com/display/goods.do?goods_code=80539617
현대홈쇼핑 플러스샵	20260702	17:20	18:00	40	이종임 포기김치 10kg	요리연구가	이종임 포기김치 10kg	단순	17:20	18:00	40	52069500		식품	39900	https://www.hmall.com/md/pda/itemPtc?slitmCd=2251252354
CJ온스타일	20260702	17:30	18:30	60	26SS 여성 스케치클라우드 워킹화	스케쳐스	26SS 여성 스케치클라우드 워킹화	단순	17:30	18:30	60	151317000	잡화/주얼리	패션잡화	129000	https://display.cjonstyle.com/p/item/2084578657?channelCode=30002002
롯데홈쇼핑	20260702	17:30	18:30	60	[방송에서만 8팩] 빅마마 이혜정의 소갈비살 8팩(7+1팩) (팩당 150g, 총 1.2kg)	키친스토리	[방송에서만 8팩] 빅마마 이혜정의 소갈비살 8팩(7+1팩) (팩당 150g, 총 1.2kg)	단순	17:30	18:30	60	75984900	일반식품	식품	79900	https://www.lotteimall.com/goods/viewGoodsDetail.lotte?goods_no=12910472
현대홈쇼핑	20260702	17:30	18:30	60	동양생명(무)우리WON하는실속플러스하나로암보험	동양생명	동양생명(무)우리WON하는실속플러스하나로암보험	단순	17:30	18:30	60	275616000	보험	여가/생활편의	1044000	https://www.hmall.com/md/pda/itemPtc?slitmCd=2250744876&preview=true
SK스토아	20260702	17:31	18:31	60	(방송최저가)휴롬 원액기 H420	휴롬	(방송최저가)휴롬 원액기 H420	단순	17:31	18:31	60	40643000	가전	디지털/가전	499000	https://www.skstoa.com/display/goods/63511390
쇼핑엔티	20260702	17:32	18:32	60	김하진의 궁중 뼈없는 갈비탕 10+2팩(방송에서만 2팩 더)_실온보관	김하진	김하진의 궁중 뼈없는 갈비탕 10+2팩(방송에서만 2팩 더)_실온보관	단순	17:32	18:32	60	49956600	일반식품	식품	59900	https://www.shoppingntmall.com/display/goods/23416732
KT알파쇼핑	20260702	17:32	18:32	60	김하진_민어	김하진	김하진_민어	단순	17:32	18:32	60	35161300	일반식품	식품	59900	https://m.kshop.co.kr/display/product/9460678
신세계쇼핑	20260702	17:34	18:35	61	[신세계단독] 게스(GUESS) 썸머 5부 팬츠(남여공용) 4종	게스	[신세계단독] 게스(GUESS) 썸머 5부 팬츠(남여공용) 4종	단순	17:34	18:35	61	88411900	의류	패션의류	69900	https://www.shinsegaetvshopping.com/display/detail/20072997
GS홈쇼핑	20260702	17:35	18:35	60	코렐 일렉 에어글라스 에어프라이어 기본패키지	프라이	코렐 일렉 에어글라스 에어프라이어 기본패키지	단순	17:35	18:35	60	243804000	잡화/주얼리	디지털/가전	189000	https://www.gsshop.com/prd/prd.gs?prdid=1101410570&brddate=20260702173500&pgmID=872&ordChannel=WE&tveshop=Y
GS홈쇼핑 마이샵	20260702	17:38	18:38	60	그루브라임 26SS 최신상 여성 블라썸 시어서커 깅엄 셔츠 재킷 2종	그루브라임	그루브라임 26SS 최신상 여성 블라썸 시어서커 깅엄 셔츠 재킷 2종	복합	17:38	18:38	60	147795000		패션의류	59000	https://www.gsshop.com/prd/prd.gs?prdid=1111416902&brddate=20260702173800&pgmID=12557&ordChannel=WE&tveshop=Y
NS홈쇼핑	20260702	17:40	18:30	50	정성곳간닭백숙	정성곳간	정성곳간닭백숙	단순	17:40	18:30	50	115096090	일반식품	식품	59900	https://m.nsmall.com/goods/36025576
공영쇼핑	20260702	17:40	18:40	60	고기담은밥상 연탄석쇠불고기 180g x 8팩 (간장맛4팩+고추장맛4팩)	고기담은밥상	고기담은밥상 연탄석쇠불고기 180g x 8팩 (간장맛4팩+고추장맛4팩)	단순	17:40	18:40	60	68381300	일반식품	식품	29900	https://www.gongyoungshop.kr/goods/selectGoodsDetail.do?prdId=11945488
홈앤쇼핑	20260702	17:40	18:40	60	NFC 착즙 보넬드 아이엠 토마토 15병 (1L X 15병)	보넬드	NFC 착즙 보넬드 아이엠 토마토 15병 (1L X 15병)	단순	17:40	18:40	60	70694400	건강식품	식품	78900	http://www.hnsmall.com/display/goods.do?goods_code=81182603
롯데원티비	20260702	17:41	18:40	59	[청도] 특등급 백도 햇복숭아 4kg x 2박스	특등급	[청도] 특등급 백도 햇복숭아 4kg x 2박스	단순	17:41	18:40	59	29830200		식품	59900	https://www.lotteimall.com/goods/viewGoodsDetail.lotte?goods_no=12735135
NS홈쇼핑 샵플러스	20260702	17:41	18:42	61	구룡포마른오징어1	구룡포	구룡포마른오징어1	단순	17:41	18:42	61	36589300		식품	89900	https://m.nsmall.com/goods/35583632
CJ온스타일 플러스	20260702	17:45	18:45	60	26SS 아이스 리프팅핏 브라팬티 5세트	26SS	26SS 아이스 리프팅핏 브라팬티 5세트	단순	17:45	18:45	60	45964800		패션의류	79800	https://display.cjonstyle.com/p/item/2084668204
현대홈쇼핑 플러스샵	20260702	18:00	18:40	40	26년 햇 제주 미니 밤단호박 7kg (제주직송/ 12∼23개/ 개당 300∼600g / 보우짱품종 )	26년	26년 햇 제주 미니 밤단호박 7kg (제주직송/ 12∼23개/ 개당 300∼600g / 보우짱품종 )	단순	18:00	18:40	40	21916700		식품	29900	https://www.hmall.com/md/pda/itemPtc?slitmCd=2251713639
CJ온스타일	20260702	18:30	19:35	65	[LIVE]라이나 생명 새로담는 간편건강보험	라이나생명	[LIVE]라이나 생명 새로담는 간편건강보험	단순	18:30	19:35	65	0	보험	여가/생활편의	0	https://display.cjonstyle.com/p/item/2073490212?channelCode=30002002
NS홈쇼핑	20260702	18:30	19:30	60	사조훈제오리	사조훈제오리	사조훈제오리	단순	18:30	19:30	60	219095840	일반식품	식품	49900	https://m.nsmall.com/goods/35525790
롯데홈쇼핑	20260702	18:30	19:35	65	[플리츠미] 26SS 플리츠 스퀘어넥 롱 원피스(원피스+이너슬립)	플리츠미	[플리츠미] 26SS 플리츠 스퀘어넥 롱 원피스(원피스+이너슬립)	단순	18:30	19:35	65	194272000	의류	패션의류	99000	https://www.lotteimall.com/goods/viewGoodsDetail.lotte?goods_no=12902101
현대홈쇼핑	20260702	18:30	19:35	65	갓바디 렌징모달 심리스 FREE 안착팬티 5종 (스킨)	갓바디	갓바디 렌징모달 심리스 FREE 안착팬티 5종 (스킨)	단순	18:30	19:35	65	234720000	언더웨어	패션의류	84500	https://www.hmall.com/md/pda/itemPtc?slitmCd=2244479971&preview=true
SK스토아	20260702	18:31	19:31	60	(방송에서만 이구성 이가격)해초미인 두부면 20입 + 비빔소스 10입 + 메밀소스 10입 | 원산지 : 상품정보 참조	해초미인	(방송에서만 이구성 이가격)해초미인 두부면 20입 + 비빔소스 10입 + 메밀소스 10입 | 원산지 : 상품정보 참조	단순	18:31	19:31	60	10562400	일반식품	식품	49900	https://www.skstoa.com/display/goods/60513606
SK스토아	20260702	18:31	19:31	60	[거창한]거창 못난이 부사 사과 3kg+3kg(박스당 8~16과) | 원산지 : 상품정보 참조	거창	[거창한]거창 못난이 부사 사과 3kg+3kg(박스당 8~16과) | 원산지 : 상품정보 참조	단순	18:31	19:31	60	31231200	일반식품	식품	43900	https://www.skstoa.com/display/goods/63438012
쇼핑엔티	20260702	18:32	19:32	60	슈리오 소가죽 주얼 키높이 샌들 	슈리오	슈리오 소가죽 주얼 키높이 샌들 	단순	18:32	19:32	60	49036000	잡화/주얼리	패션잡화	59800	https://www.shoppingntmall.com/display/goods/28048150
KT알파쇼핑	20260702	18:32	19:32	60	라이나생명_암보험(상담형)	라이나생명	라이나생명_암보험(상담형)	단순	18:32	19:32	60	0	보험	여가/생활편의	0	https://m.kshop.co.kr/display/product/8125502
GS홈쇼핑	20260702	18:35	19:35	60	종가 중부식 포기김치 10.4kg (5.2kg X 2)	종가	종가 중부식 포기김치 10.4kg (5.2kg X 2)	단순	18:35	19:35	60	232349200	일반식품	식품	79900	https://www.gsshop.com/prd/prd.gs?prdid=1062958527&brddate=20260702183500&pgmID=6997&ordChannel=WE&tveshop=Y
신세계쇼핑	20260702	18:35	19:35	60	워모 26 썸머 반팔 니트 3종	워모	워모 26 썸머 반팔 니트 3종	단순	18:35	19:35	60	98968000	의류	패션의류	89000	https://www.shinsegaetvshopping.com/display/detail/20073049
GS홈쇼핑 마이샵	20260702	18:38	19:38	60	[GS단독] 이연복 뼈다귀탕 1.5kg 5팩	이연복	[GS단독] 이연복 뼈다귀탕 1.5kg 5팩	단순	18:38	19:38	60	101770100		식품	59900	https://www.gsshop.com/prd/prd.gs?prdid=1118492395&brddate=20260702183800&pgmID=13454&ordChannel=WE&tveshop=Y
현대홈쇼핑 플러스샵	20260702	18:40	19:40	60	땡스소윤 냉동실전용 밀폐용기 착한세트 13종+마스킹테이프	땡스소윤	땡스소윤 냉동실전용 밀폐용기 착한세트 13종+마스킹테이프	단순	18:40	19:40	60	48804000		생활/건강	49000	https://www.hmall.com/md/pda/itemPtc?slitmCd=2242939125
롯데원티비	20260702	18:40	19:40	60	[비버리힐스폴로클럽] ●비버리힐스폴로클럽 26SS 소로나 핀턱 여성 팬츠 2종	●비버리힐스폴로클럽	[비버리힐스폴로클럽] ●비버리힐스폴로클럽 26SS 소로나 핀턱 여성 팬츠 2종	단순	18:40	19:40	60	25149600		패션의류	49900	https://www.lotteimall.com/goods/viewGoodsDetail.lotte?goods_no=12900205
홈앤쇼핑	20260702	18:40	19:35	55	[특대]금일수협 손질 전복 18미+2미	금일수협	[특대]금일수협 손질 전복 18미+2미	단순	18:40	19:35	55	134176000	일반식품	식품	59900	http://www.hnsmall.com/display/goods.do?goods_code=70008606
공영쇼핑	20260702	18:40	19:40	60	[천일]국내산 반건조 가자미 1팩 240g(3마리)×13팩 총 39마리	국내산	[천일]국내산 반건조 가자미 1팩 240g(3마리)×13팩 총 39마리	단순	18:40	19:40	60	71500800	일반식품	식품	39900	https://www.gongyoungshop.kr/goods/selectGoodsDetail.do?prdId=11946512
NS홈쇼핑 샵플러스	20260702	18:41	19:43	62	유정임김치1	유정임김치1	유정임김치1	복합	18:41	19:43	62	60487800		식품	29900	https://m.nsmall.com/goods/36033428
CJ온스타일 플러스	20260702	18:45	19:45	60	26SS 파워텐션 하이드로쿨 트리코트 팬츠 3종 남성	26SS	26SS 파워텐션 하이드로쿨 트리코트 팬츠 3종 남성	단순	18:45	19:45	60	112277000		패션의류	59000	https://display.cjonstyle.com/p/item/2078251574
NS홈쇼핑	20260702	19:30	20:35	65	보넬드당근주스	보넬드	보넬드당근주스	단순	19:30	20:35	65	181414000	건강식품	식품	122000	https://m.nsmall.com/goods/35960772
SK스토아	20260702	19:31	20:31	60	나에게맞춘플러스간편건강보험(에어프라이어+포트메리온2p)	나에게맞춘플러스간편건강보험	나에게맞춘플러스간편건강보험(에어프라이어+포트메리온2p)	단순	19:31	20:31	60	0	보험	여가/생활편의	0	https://www.skstoa.com/display/goods/61394975
KT알파쇼핑	20260702	19:33	20:33	60	아치나인_기능성슬리퍼	아치나인	아치나인_기능성슬리퍼	단순	19:33	20:33	60	108295800	잡화/주얼리	패션의류	39800	https://m.kshop.co.kr/display/product/9467130
쇼핑엔티	20260702	19:33	20:32	59	(50만원 세일)예가 안전가드 서랍형 흙침대 카우치	예가	(50만원 세일)예가 안전가드 서랍형 흙침대 카우치	단순	19:33	20:32	59	97241000	리빙/주방	가구/인테리어	899000	https://www.shoppingntmall.com/display/goods/28082250
GS홈쇼핑	20260702	19:35	20:45	70	브루마스 26SS 리본 샌들	브루마스	브루마스 26SS 리본 샌들	단순	19:35	20:45	70	552372600	잡화/주얼리	패션잡화	59800	https://www.gsshop.com/prd/prd.gs?prdid=1116799647&brddate=20260702193500&pgmID=6736&ordChannel=WE&tveshop=Y
CJ온스타일	20260702	19:35	20:45	70	[50%Sale] 골드파로효소 캡슐레이션 30포 X 16박스 + 파로3봉 + 날개없는선풍기	그레인온	[50%Sale] 골드파로효소 캡슐레이션 30포 X 16박스 + 파로3봉 + 날개없는선풍기	단순	19:35	20:45	70	430032000	건강식품	식품	272000	https://display.cjonstyle.com/p/item/2087660129?channelCode=30002002
홈앤쇼핑	20260702	19:35	20:45	70	[방송에서만 이가격,이조건][엘르(ELLE)] 에어라이트 레이스 메쉬  퓨징 브라팬티 (4세트/ 후크스타일)	에어라이트	[방송에서만 이가격,이조건][엘르(ELLE)] 에어라이트 레이스 메쉬  퓨징 브라팬티 (4세트/ 후크스타일)	단순	19:35	20:45	70	188863000	언더웨어	패션의류	79000	http://www.hnsmall.com/display/goods.do?goods_code=81213107
신세계쇼핑	20260702	19:35	20:35	60	조선호텔 열무얼갈이김치 2kg	조선호텔	조선호텔 열무얼갈이김치 2kg	단순	19:35	20:35	60	172345500	일반식품	식품	33000	https://www.shinsegaetvshopping.com/display/detail/20061513
현대홈쇼핑	20260702	19:35	20:45	70	[99천원 특가] 종근당건강 락토핏 코어맥스 총16개월분+무선청소기	종근당건강	[99천원 특가] 종근당건강 락토핏 코어맥스 총16개월분+무선청소기	단순	19:35	20:45	70	305712000	건강식품	식품	99000	https://www.hmall.com/md/pda/itemPtc?slitmCd=2251585984&preview=true
롯데홈쇼핑	20260702	19:35	20:45	70	[원데이특집패키지] 셀폰즈 바르는 녹는실 앰플 16회분 찬스[3박스(12병)+포토리뷰 시 1박스(4병)] + 경품당첨시 1박스(4병) 더 	셀폰즈	[원데이특집패키지] 셀폰즈 바르는 녹는실 앰플 16회분 찬스[3박스(12병)+포토리뷰 시 1박스(4병)] + 경품당첨시 1박스(4병) 더 	단순	19:35	20:45	70	105756600	미용	화장품/미용	199800	https://www.lotteimall.com/goods/viewGoodsDetail.lotte?goods_no=12912173
GS홈쇼핑 마이샵	20260702	19:38	20:38	60	[크림으로만11통] 센텔리안24 마데카 리프팅특화크림 최대용량	센텔리안24	[크림으로만11통] 센텔리안24 마데카 리프팅특화크림 최대용량	단순	19:38	20:38	60	63416000		화장품/미용	89100	https://www.gsshop.com/prd/prd.gs?prdid=1125035623&brddate=20260715193800&pgmID=6737&ordChannel=WE&tveshop=Y
현대홈쇼핑 플러스샵	20260702	19:40	20:40	60	[무이자60개월][세일] 삼성 AI Mini LED TV 85형 [KU85MH80AFXKR] (사은품: 삼성 사운드바)	삼성	[무이자60개월][세일] 삼성 AI Mini LED TV 85형 [KU85MH80AFXKR] (사은품: 삼성 사운드바)	단순	19:40	20:40	60	329670000		디지털/가전	3090000	https://www.hmall.com/md/pda/itemPtc?slitmCd=2250628694
공영쇼핑	20260702	19:40	20:40	60	[4인용] 코튼필 풍기인견 볼륨 소파패드 2장 세트 ♥ 오늘 최초 할인방송 놓치지마세요 ♥	풍기인견	[4인용] 코튼필 풍기인견 볼륨 소파패드 2장 세트 ♥ 오늘 최초 할인방송 놓치지마세요 ♥	단순	19:40	20:40	60	107413600	언더웨어	가구/인테리어	54900	https://www.gongyoungshop.kr/goods/selectGoodsDetail.do?prdId=11940305
롯데원티비	20260702	19:40	20:40	60	[방송에서만] 무엘올리바 엑스트라 버진 올리브 오일 500ml 5병  + 쇼핑백 3장	무엘올리바	[방송에서만] 무엘올리바 엑스트라 버진 올리브 오일 500ml 5병  + 쇼핑백 3장	단순	19:40	20:40	60	40432500		식품	59900	https://www.lotteimall.com/goods/viewGoodsDetail.lotte?goods_no=12904778
NS홈쇼핑 샵플러스	20260702	19:41	20:43	62	겐지아레인부츠1	겐지아	겐지아레인부츠1	단순	19:41	20:43	62	63744300		패션잡화	26100	https://m.nsmall.com/goods/35348905
CJ온스타일 플러스	20260702	19:45	20:45	60	백화점상품권10만원 1등 음식물처리기 지니 빌트인	백화점상품권10만원	백화점상품권10만원 1등 음식물처리기 지니 빌트인	단순	19:45	20:45	60	0		여가/생활편의	0	https://display.cjonstyle.com/p/item/2073199149
SK스토아	20260702	20:31	21:31	60	참좋은운전자 한문철변호사플랜(페이환급)(날개없는선풍기)	참좋은운전자	참좋은운전자 한문철변호사플랜(페이환급)(날개없는선풍기)	단순	20:31	21:31	60	0	가전	여가/생활편의	0	https://www.skstoa.com/display/goods/63238589
쇼핑엔티	20260702	20:33	21:33	60	라이나생명 (무)새로담는간편건강보험(해약환급금미지급형_갱신형)	라이나생명	라이나생명 (무)새로담는간편건강보험(해약환급금미지급형_갱신형)	단순	20:33	21:33	60	0	보험	여가/생활편의	0	https://www.shoppingntmall.com/display/goods/28084761
KT알파쇼핑	20260702	20:33	21:33	60	비에날씬_다이어트유산균	비에날씬	비에날씬_다이어트유산균	단순	20:33	21:33	60	152078000	건강식품	식품	376000	https://m.kshop.co.kr/display/product/5215468
신세계쇼핑	20260702	20:35	21:36	61	[국민영양] 여에스더 포스파티딜세린 5개월분 ( 430mg x 30캡슐 x 10박스) + 블루베리 1박스	여에스더	[국민영양] 여에스더 포스파티딜세린 5개월분 ( 430mg x 30캡슐 x 10박스) + 블루베리 1박스	단순	20:35	21:36	61	228196000	건강식품	식품	89000	https://www.shinsegaetvshopping.com/display/detail/1000502800
NS홈쇼핑	20260702	20:35	21:40	65	다움유기농김수경생식	김수경박사의	다움유기농김수경생식	단순	20:35	21:40	65	129679000	건강식품	식품	264000	https://m.nsmall.com/goods/36025478
GS홈쇼핑 마이샵	20260702	20:38	21:38	60	라삐아프 26SS 에어리 코튼혼방 레이어드 티셔츠 3종(60수)	라삐아프	라삐아프 26SS 에어리 코튼혼방 레이어드 티셔츠 3종(60수)	단순	20:38	21:38	60	159419400		패션의류	69900	https://www.gsshop.com/prd/prd.gs?prdid=1103486689&brddate=20260714213800&pgmID=13307&ordChannel=WE&tveshop=Y
롯데원티비	20260702	20:40	21:40	60	[게스 언더웨어] 26SS 게스 남성 에어 메쉬 드로즈 8종 + 반팔 티1종	26SS	[게스 언더웨어] 26SS 게스 남성 에어 메쉬 드로즈 8종 + 반팔 티1종	단순	20:40	21:40	60	43699000		패션의류	89000	https://www.lotteimall.com/goods/viewGoodsDetail.lotte?goods_no=12898068
현대홈쇼핑 플러스샵	20260702	20:40	21:40	60	AGK NORDIC 까루 음식물 처리기	AGK	AGK NORDIC 까루 음식물 처리기	단순	20:40	21:40	60	40596000		디지털/가전	368000	https://www.hmall.com/md/pda/itemPtc?slitmCd=2250825339
공영쇼핑	20260702	20:40	21:45	65	[원산지: 국내산 맥문동] 왕의 맥문동 진액 골드 (70ml×30포)×8박스, 총 240포	왕의	[원산지: 국내산 맥문동] 왕의 맥문동 진액 골드 (70ml×30포)×8박스, 총 240포	단순	20:40	21:45	65	190951000	일반식품	식품	348000	https://www.gongyoungshop.kr/goods/selectGoodsDetail.do?prdId=11778357
NS홈쇼핑 샵플러스	20260702	20:41	21:43	62	블라우풍트스마트워치1	블라우풍트스마트워치1	블라우풍트스마트워치1	복합	20:41	21:43	62	53211600		디지털/가전	68220	https://m.nsmall.com/goods/35997890
CJ온스타일	20260702	20:45	22:55	130	925실버 파베볼 목걸이+24K골드+주얼리3종세트+리뷰실버바	삼성금거래소	925실버 파베볼 목걸이+24K골드+주얼리3종세트+리뷰실버바	단순	20:45	22:55	130	987294300	잡화/주얼리	패션잡화	139900	https://display.cjonstyle.com/p/item/2082265943?channelCode=30002002
GS홈쇼핑	20260702	20:45	22:55	130	하이랜드 프레쉬 100% 토마토 착즙 주스 72팩 200ml (백지연 PICK)	하이랜드	하이랜드 프레쉬 100% 토마토 착즙 주스 72팩 200ml (백지연 PICK)	단순	20:45	22:55	130	780391300	일반식품	식품	141800	https://www.gsshop.com/prd/prd.gs?prdid=1095151495&brddate=20260702204500&pgmID=13437&ordChannel=WE&tveshop=Y
롯데홈쇼핑	20260702	20:45	22:50	125	[설성목장] 설성목장 한우 꼬리곰탕 800g x 6팩	설성목장	[설성목장] 설성목장 한우 꼬리곰탕 800g x 6팩	단순	20:45	22:50	125	1417405400	일반식품	식품	99000	https://www.lotteimall.com/goods/viewGoodsDetail.lotte?goods_no=12833107
홈앤쇼핑	20260702	20:45	21:45	60	[방송중구매고객한정][9개월분] 다이어트유산균BNR17 비에날씬프로 36주분 + 셰퍼무드등날개없는선풍기+ 슬림플러스 3박스	비에날씬	[방송중구매고객한정][9개월분] 다이어트유산균BNR17 비에날씬프로 36주분 + 셰퍼무드등날개없는선풍기+ 슬림플러스 3박스	단순	20:45	21:45	60	184548000	건강식품	식품	548000	http://www.hnsmall.com/display/goods.do?goods_code=77836033
CJ온스타일 플러스	20260702	20:45	21:45	60	[특별기획가] 아이스핏 제로 누디패키지 6세트	아이스핏	[특별기획가] 아이스핏 제로 누디패키지 6세트	단순	20:45	21:45	60	164942100		패션의류	129900	https://display.cjonstyle.com/p/item/2084918291
현대홈쇼핑	20260702	20:45	21:45	60	[이지듀] 0단계 강력효과 NEW EGFx 96% 퍼스트 시그널 에센스 매니아패키지	이지듀	[이지듀] 0단계 강력효과 NEW EGFx 96% 퍼스트 시그널 에센스 매니아패키지	단순	20:45	21:45	60	155837000	미용	화장품/미용	348000	https://www.hmall.com/md/pda/itemPtc?slitmCd=2251737020&preview=true
SK스토아	20260702	21:31	22:31	60	발패치 60매+(방송에서만)무료체험 10매	발패치	발패치 60매+(방송에서만)무료체험 10매	단순	21:31	22:31	60	165101800	리빙/주방	생활/건강	59800	https://www.skstoa.com/display/goods/63250834
쇼핑엔티	20260702	21:33	22:33	60	[바른투어] 장가계/원가계/천문산 5일/6일 (대한항공+월드체인호텔+NO선택관광)	바른투어	[바른투어] 장가계/원가계/천문산 5일/6일 (대한항공+월드체인호텔+NO선택관광)	단순	21:33	22:33	60	0	여행	여가/생활편의	0	https://www.shoppingntmall.com/display/goods/28241923
KT알파쇼핑	20260702	21:33	22:33	60	바디프랜드_안마의자	바디프랜드	바디프랜드_안마의자	단순	21:33	22:33	60	0	일반렌탈	여가/생활편의	0	https://m.kshop.co.kr/display/product/9466286
신세계쇼핑	20260702	21:36	22:36	60	1000447358  라이나 새로담는 간편건강보험(0520.김)	0520.김	1000447358  라이나 새로담는 간편건강보험(0520.김)	단순	21:36	22:36	60	0	보험	도서	0	https://www.shinsegaetvshopping.com/display/detail/1000447358
GS홈쇼핑 마이샵	20260702	21:38	22:38	60	리가 밍크콤비 구스다운 [역시즌 10만원 SALE]	리가	리가 밍크콤비 구스다운 [역시즌 10만원 SALE]	단순	21:38	22:38	60	272630000		패션의류	398000	https://www.gsshop.com/prd/prd.gs?prdid=1096457048&brddate=20260711203800&pgmID=12557&ordChannel=WE&tveshop=Y
현대홈쇼핑 플러스샵	20260702	21:40	22:40	60	[특대]아임피쉬 가시바른 두툼한 순살갈치 총2kg 25토막(400g x 5팩) + 조림양념1통	아임피쉬	[특대]아임피쉬 가시바른 두툼한 순살갈치 총2kg 25토막(400g x 5팩) + 조림양념1통	단순	21:40	22:40	60	101949800		식품	59900	https://www.hmall.com/md/pda/itemPtc?slitmCd=2226644936
롯데원티비	20260702	21:40	22:40	60	[비비안 슬림핏] 26SS 비비안 SLIMFIT 아쿠아X 썸머 브라팬티 5세트	26SS	[비비안 슬림핏] 26SS 비비안 SLIMFIT 아쿠아X 썸머 브라팬티 5세트	단순	21:40	22:40	60	107670150		패션의류	89950	https://www.lotteimall.com/goods/viewGoodsDetail.lotte?goods_no=12908272
NS홈쇼핑	20260702	21:40	22:45	65	아보카도꿀	김하진의	아보카도꿀	단순	21:40	22:45	65	212421200	일반식품	식품	74900	https://m.nsmall.com/goods/36010287
NS홈쇼핑 샵플러스	20260702	21:41	22:43	62	삼성에어컨 1	삼성	삼성에어컨 1	단순	21:41	22:43	62	146026000		디지털/가전	2099000	https://m.nsmall.com/goods/35988035
홈앤쇼핑	20260702	21:45	22:22	37	[방송에서만][H.LABEL] 26 SUMMER 오픈카라 벨티드 원피스1종 (+팬던트 벨트)	방송에서만	[방송에서만][H.LABEL] 26 SUMMER 오픈카라 벨티드 원피스1종 (+팬던트 벨트)	단순	21:45	22:22	37	344963800	의류	패션의류	59900	http://www.hnsmall.com/display/goods.do?goods_code=80527349
CJ온스타일 플러스	20260702	21:45	22:45	60	시그니처 북해도 4일 #노팁 #노옵션	시그니처	시그니처 북해도 4일 #노팁 #노옵션	단순	21:45	22:45	60	0		여가/생활편의	0	https://display.cjonstyle.com/p/item/2087737711
현대홈쇼핑	20260702	21:45	22:55	70	[최/저/가] 디아넬로 실버컷팅콤비클립 세트 +(방송) 포나인실버 5개 + 모이사나이트목걸이 찬스	디아넬로	[최/저/가] 디아넬로 실버컷팅콤비클립 세트 +(방송) 포나인실버 5개 + 모이사나이트목걸이 찬스	단순	21:45	22:55	70	979784000	잡화/주얼리	패션잡화	348000	https://www.hmall.com/md/pda/itemPtc?slitmCd=2251628932&preview=true
공영쇼핑	20260702	21:45	22:50	65	해남 땅끝마을 포기김치9kg+총각김치2kg+보리열무김치1kg(총12kg)	해남	해남 땅끝마을 포기김치9kg+총각김치2kg+보리열무김치1kg(총12kg)	단순	21:45	22:50	65	188622000	일반식품	식품	49900	https://www.gongyoungshop.kr/goods/selectGoodsDetail.do?prdId=11947720
SK스토아	20260702	22:31	23:31	60	★모두시그니처★ 인도네시아 마나도 5일 (NO팁/NO옵션/NO쇼핑)	★모두시그니처★	★모두시그니처★ 인도네시아 마나도 5일 (NO팁/NO옵션/NO쇼핑)	단순	22:31	23:31	60	0	일반식품	여가/생활편의	0	https://www.skstoa.com/display/goods/65172079
SK스토아	20260702	22:31	23:31	60	[채널1]O또걸려도또받는 간편한암보험(스텐냄비6종)	O또걸려도또받는	[채널1]O또걸려도또받는 간편한암보험(스텐냄비6종)	단순	22:31	23:31	60	0	보험	여가/생활편의	0	https://www.skstoa.com/display/goods/64377096
쇼핑엔티	20260702	22:33	23:32	59	[슈퍼트래블] 투어비스 내몽골 5일 (대한항공+NO선택관광+호화게르)	투어비스	[슈퍼트래블] 투어비스 내몽골 5일 (대한항공+NO선택관광+호화게르)	단순	22:33	23:32	59	0	여행	여가/생활편의	0	https://www.shoppingntmall.com/display/goods/28281374
KT알파쇼핑	20260702	22:33	23:33	60	BOB_샌들	26S/S	BOB_샌들	단순	22:33	23:33	60	150258000	잡화/주얼리	패션잡화	79000	https://m.kshop.co.kr/display/product/9119455
신세계쇼핑	20260702	22:36	23:37	61	워모 26SS 쿨비즈 수트 2세트	워모	워모 26SS 쿨비즈 수트 2세트	단순	22:36	23:37	61	120594000	일반식품	패션의류	199000	https://www.shinsegaetvshopping.com/display/detail/20072086
신세계쇼핑	20260702	22:36	23:37	61	CERINI by PAT 26SS 썸머 릴렉스 팬츠3종	CERINI	CERINI by PAT 26SS 썸머 릴렉스 팬츠3종	단순	22:36	23:37	61	19575500	의류	패션의류	79900	https://www.shinsegaetvshopping.com/display/detail/1000574596
GS홈쇼핑 마이샵	20260702	22:38	23:38	60	라오메뜨 전설의 패치 프리미엄 510매(준대형240매+미니180매+그립90매)	라오메뜨	라오메뜨 전설의 패치 프리미엄 510매(준대형240매+미니180매+그립90매)	단순	22:38	23:38	60	55346300		생활/건강	79900	https://www.gsshop.com/prd/prd.gs?prdid=1083630431&brddate=20260711003800&pgmID=6742&ordChannel=WE&tveshop=Y
롯데원티비	20260702	22:40	23:40	60	[맥스튜어트] O 맥스튜어트 26SS 여성 배럴 커브드핏 데님 팬츠 2종 	맥스튜어트	[맥스튜어트] O 맥스튜어트 26SS 여성 배럴 커브드핏 데님 팬츠 2종 	단순	22:40	23:40	60	68963600		패션의류	52000	https://www.lotteimall.com/goods/viewGoodsDetail.lotte?goods_no=12893716
현대홈쇼핑 플러스샵	20260702	22:40	23:40	60	[2박 4인] 하이원리조트 썸머 99 패키지 (조식+워터월드+BIG8)	하이원리조트	[2박 4인] 하이원리조트 썸머 99 패키지 (조식+워터월드+BIG8)	단순	22:40	23:40	60	140592000		여가/생활편의	259000	https://www.hmall.com/md/pda/itemPtc?slitmCd=2249946259
NS홈쇼핑 샵플러스	20260702	22:42	23:44	62	잭니클라우스1	잭니클라우스	잭니클라우스1	단순	22:42	23:44	62	27470700		패션의류	69900	https://m.nsmall.com/goods/35982559
NS홈쇼핑	20260702	22:45	23:55	70	삼성TV	삼성	삼성TV	단순	22:45	23:55	70	618420000	가전	디지털/가전	3340000	https://m.nsmall.com/goods/35951487
CJ온스타일 플러스	20260702	22:45	23:45	60	[온플] 전에없던치매간병보험	전에없던치매간병보험	[온플] 전에없던치매간병보험	단순	22:45	23:45	60	0		여가/생활편의	0	https://display.cjonstyle.com/p/item/2052347104
롯데홈쇼핑	20260702	22:50	23:55	65	[사만사타바사] 시에나 양가죽 인트레치아토 숄더백 (+스카프, 미러참장식)	사만사타바사	[사만사타바사] 시에나 양가죽 인트레치아토 숄더백 (+스카프, 미러참장식)	단순	22:50	23:55	65	241439000	잡화/주얼리	패션의류	158000	https://www.lotteimall.com/goods/viewGoodsDetail.lotte?goods_no=12902026
공영쇼핑	20260702	22:50	23:50	60	[100% 국내산 닭] 든든한끼 삼계탕 1kg x 8팩	든든한끼	[100% 국내산 닭] 든든한끼 삼계탕 1kg x 8팩	단순	22:50	23:50	60	88697100	일반식품	식품	51900	https://www.gongyoungshop.kr/goods/selectGoodsDetail.do?prdId=11810541
GS홈쇼핑	20260702	22:55	23:55	60	[GS단독]UBGS 에어리 인견 메시 퓨징 브라 3종	UBGS	[GS단독]UBGS 에어리 인견 메시 퓨징 브라 3종	단순	22:55	23:55	60	193237400	언더웨어	패션의류	39900	https://www.gsshop.com/prd/prd.gs?prdid=1108554131&brddate=20260702225500&pgmID=6753&ordChannel=WE&tveshop=Y
CJ온스타일	20260702	22:55	23:55	60	[선택1] 부케 디너 4인조(28p)	까사무띠	[선택1] 부케 디너 4인조(28p)	단순	22:55	23:55	60	101464000	리빙/주방	생활/건강	249000	https://display.cjonstyle.com/p/item/2088005038?channelCode=30002002
홈앤쇼핑	20260702	22:55	23:55	60	[초특가] 유럽 문화의 중심 이탈리아 9일 완벽 일주 vs 스위스+이탈리아 9일 여행	유럽	[초특가] 유럽 문화의 중심 이탈리아 9일 완벽 일주 vs 스위스+이탈리아 9일 여행	단순	22:55	23:55	60	0	여행	도서	0	http://www.hnsmall.com/display/goods.do?goods_code=81091721
현대홈쇼핑	20260702	22:55	23:55	60	[방송에서만]더스텐 K데일리팟 후르츠팟 3종세트(스텐316 포크 3개 포함/전구성 국내생산)	더스텐	[방송에서만]더스텐 K데일리팟 후르츠팟 3종세트(스텐316 포크 3개 포함/전구성 국내생산)	단순	22:55	23:55	60	119968200	리빙/주방	생활/건강	49800	https://www.hmall.com/md/pda/itemPtc?slitmCd=2250848061&preview=true
SK스토아	20260702	23:31	00:00	29	리토 캐리어 20형+항공커버	리토	리토 캐리어 20형+항공커버	단순	23:31	00:00	29	3452000	잡화/주얼리	패션잡화	109000	https://www.skstoa.com/display/goods/65017491
SK스토아	20260702	23:31	00:00	29	실버 빅 볼 목걸이 + 글리터 목걸이 세트 (방송)	실버	실버 빅 볼 목걸이 + 글리터 목걸이 세트 (방송)	단순	23:31	00:00	29	55072000	잡화/주얼리	패션잡화	119000	https://www.skstoa.com/display/goods/62695233
쇼핑엔티	20260702	23:32	00:32	60	[상담예약]바디프랜드NEW팔콘	바디프랜드	[상담예약]바디프랜드NEW팔콘	단순	23:32	00:32	60	0	일반렌탈	여가/생활편의	0	https://www.shoppingntmall.com/display/goods/28167187
KT알파쇼핑	20260702	23:34	00:34	60	선일금고_금고(루셀)	선일금고	선일금고_금고(루셀)	단순	23:34	00:34	60	114600000	가전	생활/건강	1290000	https://m.kshop.co.kr/display/product/9412237
신세계쇼핑	20260702	23:37	00:00	23	바바라 올레이스 브라렛 5세트	바바라	바바라 올레이스 브라렛 5세트	단순	23:37	00:00	23	27442900	언더웨어	패션의류	119000	https://www.shinsegaetvshopping.com/display/detail/1001529411
GS홈쇼핑 마이샵	20260702	23:38	00:39	61	클럭 스트레칭 마사지기 울트라	클럭	클럭 스트레칭 마사지기 울트라	단순	23:38	00:39	61	47861000		디지털/가전	219000	https://www.gsshop.com/prd/prd.gs?prdid=1117357770&brddate=20260707233800&pgmID=6742&ordChannel=WE&tveshop=Y
현대홈쇼핑 플러스샵	20260702	23:40	00:40	60	[Lipbbam] 립밤 크레오라 바하마 플레어 랩원피스 1종	립밤	[Lipbbam] 립밤 크레오라 바하마 플레어 랩원피스 1종	단순	23:40	00:40	60	23066000		패션의류	49000	https://www.hmall.com/md/pda/itemPtc?slitmCd=2212620893
롯데원티비	20260702	23:40	00:40	60	[런칭가:79,900원]○26SS 레니 프렌치린넨 블렌드 크로셰 슬리브리스 3종	○26SS	[런칭가:79,900원]○26SS 레니 프렌치린넨 블렌드 크로셰 슬리브리스 3종	단순	23:40	00:40	60	29466900		패션의류	39900	https://www.lotteimall.com/goods/viewGoodsDetail.lotte?goods_no=12900168
NS홈쇼핑 샵플러스	20260702	23:42	00:43	61	에넥스 식탁1	에넥스	에넥스 식탁1	단순	23:42	00:43	61	36198500		가구/인테리어	699000	https://m.nsmall.com/goods/36020814
CJ온스타일 플러스	20260702	23:45	00:45	60	[최초가79,900원]26S/S 메탈 카라 돌먼니트 3종	26S/S	[최초가79,900원]26S/S 메탈 카라 돌먼니트 3종	복합	23:45	00:45	60	138040100		패션의류	59900	https://display.cjonstyle.com/p/item/2082769989
공영쇼핑	20260702	23:50	01:00	70	2026 의성眞(진)자두 4kg (1kg*4팩_대석)_과당 40~80g	2026	2026 의성眞(진)자두 4kg (1kg*4팩_대석)_과당 40~80g	단순	23:50	01:00	70	120168100	미용	식품	29900	https://www.gongyoungshop.kr/goods/selectGoodsDetail.do?prdId=11948530
NS홈쇼핑	20260702	23:55	00:55	60	보험 4부	에이플러스에셋X메리츠화재	보험 4부	단순	23:55	00:55	60	0	보험	여가/생활편의	0	https://m.nsmall.com/goods/35803499
CJ온스타일	20260702	23:55	01:00	65	[매니아패키지] 화이트콜라겐 프로그램 16주+1주일분체험분	라비앙	[매니아패키지] 화이트콜라겐 프로그램 16주+1주일분체험분	단순	23:55	01:00	65	107166000	미용	화장품/미용	198000	https://display.cjonstyle.com/p/item/2087730369?channelCode=30002002
홈앤쇼핑	20260702	23:55	01:00	65	[방송에서만][마이토스] 레몬버베나 다이어트&애사비 8박스	레몬버베나	[방송에서만][마이토스] 레몬버베나 다이어트&애사비 8박스	단순	23:55	01:00	65	20549400	건강식품	식품	199900	http://www.hnsmall.com/display/goods.do?goods_code=79573055
GS홈쇼핑	20260702	23:55	01:00	65	키트짐 프리미엄 올인원 홈필라 리포머	키트짐	키트짐 프리미엄 올인원 홈필라 리포머	단순	23:55	01:00	65	76626000	문화/스포츠	디지털/가전	198000	https://www.gsshop.com/prd/prd.gs?prdid=1128520487&brddate=20260702235500&pgmID=6742&ordChannel=WE&tveshop=Y
현대홈쇼핑	20260702	23:55	01:00	65	[2박] 르부르낙산 역대 최저가 패키지 4인	르부르낙산	[2박] 르부르낙산 역대 최저가 패키지 4인	단순	23:55	01:00	65	238563000	여행	여가/생활편의	268000	https://www.hmall.com/md/pda/itemPtc?slitmCd=2251665285&preview=true
롯데홈쇼핑	20260702	23:55	01:00	65	[조르쥬 레쉬] 26SS 꼼드코튼 블렌딩 캡슬리브 탑 6종	조르쥬 레쉬	[조르쥬 레쉬] 26SS 꼼드코튼 블렌딩 캡슬리브 탑 6종	단순	23:55	01:00	65	151599500	의류	패션의류	59900	https://www.lotteimall.com/goods/viewGoodsDetail.lotte?goods_no=12888349
